design_id,spine_radius_mm,longeron_OD_mm,frame_OD_mm,diagonal_OD_mm,ring_brace_OD_mm,ring_brace_count,dock_spreader_count,structural_mass_kg,misaligned_docking_mm,propulsion_displacement_mm,balanced_brake_mm,single_ring_fault_mm,first_supported_mode_Hz,selected
BASE,1200,160,120,90,0,0,0,7742.282,52.8226,13.7877,105.1473,105.1473,0.1308,False
H1,1600,160,120,90,90,48,8,9999.564,28.9702,0.2631,2.5919,5.3863,0.194,False
H2,1700,160,130,100,90,48,8,10335.888,25.5206,0.2376,2.125,4.1499,0.1953,False
H3_SELECTED,1800,160,130,100,90,48,8,10423.431,22.8695,0.2149,1.8465,3.4869,0.1964,True
H4,1800,180,140,110,90,48,8,11045.999,20.2174,0.1859,1.7414,3.1688,0.1973,False
H5,1800,160,130,100,80,48,16,10121.044,22.7486,0.2151,2.2702,3.7694,0.1811,False
H6,1800,160,130,100,90,48,8,10558.294,22.8443,0.2149,1.8465,3.4869,0.1964,False
H7,1700,160,130,100,90,48,8,10470.89,25.4851,0.2376,2.125,4.1499,0.1953,False
H8,1800,160,130,100,90,96,8,12037.88,22.8693,0.2142,1.2191,3.0687,0.2153,False
