element_id,node_1,node_2,section_id,group,length_mm
1,1,2,2,SPINE_FRAME,1377.6603565143232
2,2,3,2,SPINE_FRAME,1377.6603565143232
3,3,4,2,SPINE_FRAME,1377.6603565143232
4,4,5,2,SPINE_FRAME,1377.6603565143232
5,5,6,2,SPINE_FRAME,1377.6603565143232
6,6,7,2,SPINE_FRAME,1377.6603565143232
7,7,8,2,SPINE_FRAME,1377.6603565143232
8,8,1,2,SPINE_FRAME,1377.6603565143232
9,1,9,1,SPINE_LONGERON,2500.0
10,1,10,3,SPINE_DIAGONAL,2854.461080118482
11,2,10,1,SPINE_LONGERON,2500.0
12,2,11,3,SPINE_DIAGONAL,2854.461080118482
13,3,11,1,SPINE_LONGERON,2500.0
14,3,12,3,SPINE_DIAGONAL,2854.461080118482
15,4,12,1,SPINE_LONGERON,2500.0
16,4,13,3,SPINE_DIAGONAL,2854.461080118482
17,5,13,1,SPINE_LONGERON,2500.0
18,5,14,3,SPINE_DIAGONAL,2854.461080118482
19,6,14,1,SPINE_LONGERON,2500.0
20,6,15,3,SPINE_DIAGONAL,2854.461080118482
21,7,15,1,SPINE_LONGERON,2500.0
22,7,16,3,SPINE_DIAGONAL,2854.461080118482
23,8,16,1,SPINE_LONGERON,2500.0
24,8,9,3,SPINE_DIAGONAL,2854.461080118482
25,9,10,2,SPINE_FRAME,1377.6603565143232
26,10,11,2,SPINE_FRAME,1377.6603565143232
27,11,12,2,SPINE_FRAME,1377.6603565143232
28,12,13,2,SPINE_FRAME,1377.6603565143232
29,13,14,2,SPINE_FRAME,1377.6603565143232
30,14,15,2,SPINE_FRAME,1377.6603565143232
31,15,16,2,SPINE_FRAME,1377.6603565143232
32,16,9,2,SPINE_FRAME,1377.6603565143232
33,9,17,1,SPINE_LONGERON,2500.0
34,9,24,3,SPINE_DIAGONAL,2854.461080118482
35,10,18,1,SPINE_LONGERON,2500.0
36,10,17,3,SPINE_DIAGONAL,2854.461080118482
37,11,19,1,SPINE_LONGERON,2500.0
38,11,18,3,SPINE_DIAGONAL,2854.461080118482
39,12,20,1,SPINE_LONGERON,2500.0
40,12,19,3,SPINE_DIAGONAL,2854.461080118482
41,13,21,1,SPINE_LONGERON,2500.0
42,13,20,3,SPINE_DIAGONAL,2854.461080118482
43,14,22,1,SPINE_LONGERON,2500.0
44,14,21,3,SPINE_DIAGONAL,2854.461080118482
45,15,23,1,SPINE_LONGERON,2500.0
46,15,22,3,SPINE_DIAGONAL,2854.461080118482
47,16,24,1,SPINE_LONGERON,2500.0
48,16,23,3,SPINE_DIAGONAL,2854.461080118482
49,17,18,2,SPINE_FRAME,1377.6603565143232
50,18,19,2,SPINE_FRAME,1377.6603565143232
51,19,20,2,SPINE_FRAME,1377.6603565143232
52,20,21,2,SPINE_FRAME,1377.6603565143232
53,21,22,2,SPINE_FRAME,1377.6603565143232
54,22,23,2,SPINE_FRAME,1377.6603565143232
55,23,24,2,SPINE_FRAME,1377.6603565143232
56,24,17,2,SPINE_FRAME,1377.6603565143232
57,17,25,1,SPINE_LONGERON,2500.0
58,17,26,3,SPINE_DIAGONAL,2854.461080118482
59,18,26,1,SPINE_LONGERON,2500.0
60,18,27,3,SPINE_DIAGONAL,2854.461080118482
61,19,27,1,SPINE_LONGERON,2500.0
62,19,28,3,SPINE_DIAGONAL,2854.461080118482
63,20,28,1,SPINE_LONGERON,2500.0
64,20,29,3,SPINE_DIAGONAL,2854.461080118482
65,21,29,1,SPINE_LONGERON,2500.0
66,21,30,3,SPINE_DIAGONAL,2854.461080118482
67,22,30,1,SPINE_LONGERON,2500.0
68,22,31,3,SPINE_DIAGONAL,2854.461080118482
69,23,31,1,SPINE_LONGERON,2500.0
70,23,32,3,SPINE_DIAGONAL,2854.461080118482
71,24,32,1,SPINE_LONGERON,2500.0
72,24,25,3,SPINE_DIAGONAL,2854.461080118482
73,25,26,2,SPINE_FRAME,1377.6603565143232
74,26,27,2,SPINE_FRAME,1377.6603565143232
75,27,28,2,SPINE_FRAME,1377.6603565143232
76,28,29,2,SPINE_FRAME,1377.6603565143232
77,29,30,2,SPINE_FRAME,1377.6603565143232
78,30,31,2,SPINE_FRAME,1377.6603565143232
79,31,32,2,SPINE_FRAME,1377.6603565143232
80,32,25,2,SPINE_FRAME,1377.6603565143232
81,25,33,1,SPINE_LONGERON,2500.0
82,25,40,3,SPINE_DIAGONAL,2854.461080118482
83,26,34,1,SPINE_LONGERON,2500.0
84,26,33,3,SPINE_DIAGONAL,2854.461080118482
85,27,35,1,SPINE_LONGERON,2500.0
86,27,34,3,SPINE_DIAGONAL,2854.461080118482
87,28,36,1,SPINE_LONGERON,2500.0
88,28,35,3,SPINE_DIAGONAL,2854.461080118482
89,29,37,1,SPINE_LONGERON,2500.0
90,29,36,3,SPINE_DIAGONAL,2854.461080118482
91,30,38,1,SPINE_LONGERON,2500.0
92,30,37,3,SPINE_DIAGONAL,2854.461080118482
93,31,39,1,SPINE_LONGERON,2500.0
94,31,38,3,SPINE_DIAGONAL,2854.461080118482
95,32,40,1,SPINE_LONGERON,2500.0
96,32,39,3,SPINE_DIAGONAL,2854.461080118482
97,33,34,2,SPINE_FRAME,1377.6603565143232
98,34,35,2,SPINE_FRAME,1377.6603565143232
99,35,36,2,SPINE_FRAME,1377.6603565143232
100,36,37,2,SPINE_FRAME,1377.6603565143232
101,37,38,2,SPINE_FRAME,1377.6603565143232
102,38,39,2,SPINE_FRAME,1377.6603565143232
103,39,40,2,SPINE_FRAME,1377.6603565143232
104,40,33,2,SPINE_FRAME,1377.6603565143232
105,33,41,1,SPINE_LONGERON,2500.0
106,33,42,3,SPINE_DIAGONAL,2854.461080118482
107,34,42,1,SPINE_LONGERON,2500.0
108,34,43,3,SPINE_DIAGONAL,2854.461080118482
109,35,43,1,SPINE_LONGERON,2500.0
110,35,44,3,SPINE_DIAGONAL,2854.461080118482
111,36,44,1,SPINE_LONGERON,2500.0
112,36,45,3,SPINE_DIAGONAL,2854.461080118482
113,37,45,1,SPINE_LONGERON,2500.0
114,37,46,3,SPINE_DIAGONAL,2854.461080118482
115,38,46,1,SPINE_LONGERON,2500.0
116,38,47,3,SPINE_DIAGONAL,2854.461080118482
117,39,47,1,SPINE_LONGERON,2500.0
118,39,48,3,SPINE_DIAGONAL,2854.461080118482
119,40,48,1,SPINE_LONGERON,2500.0
120,40,41,3,SPINE_DIAGONAL,2854.461080118482
121,41,42,2,SPINE_FRAME,1377.6603565143232
122,42,43,2,SPINE_FRAME,1377.6603565143232
123,43,44,2,SPINE_FRAME,1377.6603565143232
124,44,45,2,SPINE_FRAME,1377.6603565143232
125,45,46,2,SPINE_FRAME,1377.6603565143232
126,46,47,2,SPINE_FRAME,1377.6603565143232
127,47,48,2,SPINE_FRAME,1377.6603565143232
128,48,41,2,SPINE_FRAME,1377.6603565143232
129,41,49,1,SPINE_LONGERON,2500.0
130,41,56,3,SPINE_DIAGONAL,2854.461080118482
131,42,50,1,SPINE_LONGERON,2500.0
132,42,49,3,SPINE_DIAGONAL,2854.461080118482
133,43,51,1,SPINE_LONGERON,2500.0
134,43,50,3,SPINE_DIAGONAL,2854.461080118482
135,44,52,1,SPINE_LONGERON,2500.0
136,44,51,3,SPINE_DIAGONAL,2854.461080118482
137,45,53,1,SPINE_LONGERON,2500.0
138,45,52,3,SPINE_DIAGONAL,2854.461080118482
139,46,54,1,SPINE_LONGERON,2500.0
140,46,53,3,SPINE_DIAGONAL,2854.461080118482
141,47,55,1,SPINE_LONGERON,2500.0
142,47,54,3,SPINE_DIAGONAL,2854.461080118482
143,48,56,1,SPINE_LONGERON,2500.0
144,48,55,3,SPINE_DIAGONAL,2854.461080118482
145,49,50,2,SPINE_FRAME,1377.6603565143232
146,50,51,2,SPINE_FRAME,1377.6603565143232
147,51,52,2,SPINE_FRAME,1377.6603565143232
148,52,53,2,SPINE_FRAME,1377.6603565143232
149,53,54,2,SPINE_FRAME,1377.6603565143232
150,54,55,2,SPINE_FRAME,1377.6603565143232
151,55,56,2,SPINE_FRAME,1377.6603565143232
152,56,49,2,SPINE_FRAME,1377.6603565143232
153,49,57,1,SPINE_LONGERON,2500.0
154,49,58,3,SPINE_DIAGONAL,2854.461080118482
155,50,58,1,SPINE_LONGERON,2500.0
156,50,59,3,SPINE_DIAGONAL,2854.461080118482
157,51,59,1,SPINE_LONGERON,2500.0
158,51,60,3,SPINE_DIAGONAL,2854.461080118482
159,52,60,1,SPINE_LONGERON,2500.0
160,52,61,3,SPINE_DIAGONAL,2854.461080118482
161,53,61,1,SPINE_LONGERON,2500.0
162,53,62,3,SPINE_DIAGONAL,2854.461080118482
163,54,62,1,SPINE_LONGERON,2500.0
164,54,63,3,SPINE_DIAGONAL,2854.461080118482
165,55,63,1,SPINE_LONGERON,2500.0
166,55,64,3,SPINE_DIAGONAL,2854.461080118482
167,56,64,1,SPINE_LONGERON,2500.0
168,56,57,3,SPINE_DIAGONAL,2854.461080118482
169,57,58,2,SPINE_FRAME,1377.6603565143232
170,58,59,2,SPINE_FRAME,1377.6603565143232
171,59,60,2,SPINE_FRAME,1377.6603565143232
172,60,61,2,SPINE_FRAME,1377.6603565143232
173,61,62,2,SPINE_FRAME,1377.6603565143232
174,62,63,2,SPINE_FRAME,1377.6603565143232
175,63,64,2,SPINE_FRAME,1377.6603565143232
176,64,57,2,SPINE_FRAME,1377.6603565143232
177,57,65,1,SPINE_LONGERON,1000.0
178,57,72,3,SPINE_DIAGONAL,1702.3360590409793
179,58,66,1,SPINE_LONGERON,1000.0
180,58,65,3,SPINE_DIAGONAL,1702.3360590409793
181,59,67,1,SPINE_LONGERON,1000.0
182,59,66,3,SPINE_DIAGONAL,1702.336059040979
183,60,68,1,SPINE_LONGERON,1000.0
184,60,67,3,SPINE_DIAGONAL,1702.336059040979
185,61,69,1,SPINE_LONGERON,1000.0
186,61,68,3,SPINE_DIAGONAL,1702.3360590409793
187,62,70,1,SPINE_LONGERON,1000.0
188,62,69,3,SPINE_DIAGONAL,1702.3360590409793
189,63,71,1,SPINE_LONGERON,1000.0
190,63,70,3,SPINE_DIAGONAL,1702.336059040979
191,64,72,1,SPINE_LONGERON,1000.0
192,64,71,3,SPINE_DIAGONAL,1702.336059040979
193,65,66,2,SPINE_FRAME,1377.6603565143232
194,66,67,2,SPINE_FRAME,1377.6603565143232
195,67,68,2,SPINE_FRAME,1377.6603565143232
196,68,69,2,SPINE_FRAME,1377.6603565143232
197,69,70,2,SPINE_FRAME,1377.6603565143232
198,70,71,2,SPINE_FRAME,1377.6603565143232
199,71,72,2,SPINE_FRAME,1377.6603565143232
200,72,65,2,SPINE_FRAME,1377.6603565143232
201,65,73,1,SPINE_LONGERON,1500.0
202,65,74,3,SPINE_DIAGONAL,2036.6511870988543
203,66,74,1,SPINE_LONGERON,1500.0
204,66,75,3,SPINE_DIAGONAL,2036.6511870988543
205,67,75,1,SPINE_LONGERON,1500.0
206,67,76,3,SPINE_DIAGONAL,2036.6511870988543
207,68,76,1,SPINE_LONGERON,1500.0
208,68,77,3,SPINE_DIAGONAL,2036.6511870988543
209,69,77,1,SPINE_LONGERON,1500.0
210,69,78,3,SPINE_DIAGONAL,2036.6511870988543
211,70,78,1,SPINE_LONGERON,1500.0
212,70,79,3,SPINE_DIAGONAL,2036.6511870988543
213,71,79,1,SPINE_LONGERON,1500.0
214,71,80,3,SPINE_DIAGONAL,2036.6511870988543
215,72,80,1,SPINE_LONGERON,1500.0
216,72,73,3,SPINE_DIAGONAL,2036.6511870988543
217,73,74,2,SPINE_FRAME,1377.6603565143232
218,74,75,2,SPINE_FRAME,1377.6603565143232
219,75,76,2,SPINE_FRAME,1377.6603565143232
220,76,77,2,SPINE_FRAME,1377.6603565143232
221,77,78,2,SPINE_FRAME,1377.6603565143232
222,78,79,2,SPINE_FRAME,1377.6603565143232
223,79,80,2,SPINE_FRAME,1377.6603565143232
224,80,73,2,SPINE_FRAME,1377.6603565143232
225,73,81,1,SPINE_LONGERON,2500.0
226,73,88,3,SPINE_DIAGONAL,2854.461080118482
227,74,82,1,SPINE_LONGERON,2500.0
228,74,81,3,SPINE_DIAGONAL,2854.461080118482
229,75,83,1,SPINE_LONGERON,2500.0
230,75,82,3,SPINE_DIAGONAL,2854.461080118482
231,76,84,1,SPINE_LONGERON,2500.0
232,76,83,3,SPINE_DIAGONAL,2854.461080118482
233,77,85,1,SPINE_LONGERON,2500.0
234,77,84,3,SPINE_DIAGONAL,2854.461080118482
235,78,86,1,SPINE_LONGERON,2500.0
236,78,85,3,SPINE_DIAGONAL,2854.461080118482
237,79,87,1,SPINE_LONGERON,2500.0
238,79,86,3,SPINE_DIAGONAL,2854.461080118482
239,80,88,1,SPINE_LONGERON,2500.0
240,80,87,3,SPINE_DIAGONAL,2854.461080118482
241,81,82,2,SPINE_FRAME,1377.6603565143232
242,82,83,2,SPINE_FRAME,1377.6603565143232
243,83,84,2,SPINE_FRAME,1377.6603565143232
244,84,85,2,SPINE_FRAME,1377.6603565143232
245,85,86,2,SPINE_FRAME,1377.6603565143232
246,86,87,2,SPINE_FRAME,1377.6603565143232
247,87,88,2,SPINE_FRAME,1377.6603565143232
248,88,81,2,SPINE_FRAME,1377.6603565143232
249,81,89,1,SPINE_LONGERON,1000.0
250,81,90,3,SPINE_DIAGONAL,1702.3360590409793
251,82,90,1,SPINE_LONGERON,1000.0
252,82,91,3,SPINE_DIAGONAL,1702.336059040979
253,83,91,1,SPINE_LONGERON,1000.0
254,83,92,3,SPINE_DIAGONAL,1702.336059040979
255,84,92,1,SPINE_LONGERON,1000.0
256,84,93,3,SPINE_DIAGONAL,1702.3360590409793
257,85,93,1,SPINE_LONGERON,1000.0
258,85,94,3,SPINE_DIAGONAL,1702.3360590409793
259,86,94,1,SPINE_LONGERON,1000.0
260,86,95,3,SPINE_DIAGONAL,1702.336059040979
261,87,95,1,SPINE_LONGERON,1000.0
262,87,96,3,SPINE_DIAGONAL,1702.336059040979
263,88,96,1,SPINE_LONGERON,1000.0
264,88,89,3,SPINE_DIAGONAL,1702.3360590409793
265,89,90,2,SPINE_FRAME,1377.6603565143232
266,90,91,2,SPINE_FRAME,1377.6603565143232
267,91,92,2,SPINE_FRAME,1377.6603565143232
268,92,93,2,SPINE_FRAME,1377.6603565143232
269,93,94,2,SPINE_FRAME,1377.6603565143232
270,94,95,2,SPINE_FRAME,1377.6603565143232
271,95,96,2,SPINE_FRAME,1377.6603565143232
272,96,89,2,SPINE_FRAME,1377.6603565143232
273,89,97,1,SPINE_LONGERON,1500.0
274,89,104,3,SPINE_DIAGONAL,2036.6511870988543
275,90,98,1,SPINE_LONGERON,1500.0
276,90,97,3,SPINE_DIAGONAL,2036.6511870988543
277,91,99,1,SPINE_LONGERON,1500.0
278,91,98,3,SPINE_DIAGONAL,2036.6511870988543
279,92,100,1,SPINE_LONGERON,1500.0
280,92,99,3,SPINE_DIAGONAL,2036.6511870988543
281,93,101,1,SPINE_LONGERON,1500.0
282,93,100,3,SPINE_DIAGONAL,2036.6511870988543
283,94,102,1,SPINE_LONGERON,1500.0
284,94,101,3,SPINE_DIAGONAL,2036.6511870988543
285,95,103,1,SPINE_LONGERON,1500.0
286,95,102,3,SPINE_DIAGONAL,2036.6511870988543
287,96,104,1,SPINE_LONGERON,1500.0
288,96,103,3,SPINE_DIAGONAL,2036.6511870988543
289,97,98,2,SPINE_FRAME,1377.6603565143232
290,98,99,2,SPINE_FRAME,1377.6603565143232
291,99,100,2,SPINE_FRAME,1377.6603565143232
292,100,101,2,SPINE_FRAME,1377.6603565143232
293,101,102,2,SPINE_FRAME,1377.6603565143232
294,102,103,2,SPINE_FRAME,1377.6603565143232
295,103,104,2,SPINE_FRAME,1377.6603565143232
296,104,97,2,SPINE_FRAME,1377.6603565143232
297,97,105,1,SPINE_LONGERON,2500.0
298,97,106,3,SPINE_DIAGONAL,2854.461080118482
299,98,106,1,SPINE_LONGERON,2500.0
300,98,107,3,SPINE_DIAGONAL,2854.461080118482
301,99,107,1,SPINE_LONGERON,2500.0
302,99,108,3,SPINE_DIAGONAL,2854.461080118482
303,100,108,1,SPINE_LONGERON,2500.0
304,100,109,3,SPINE_DIAGONAL,2854.461080118482
305,101,109,1,SPINE_LONGERON,2500.0
306,101,110,3,SPINE_DIAGONAL,2854.461080118482
307,102,110,1,SPINE_LONGERON,2500.0
308,102,111,3,SPINE_DIAGONAL,2854.461080118482
309,103,111,1,SPINE_LONGERON,2500.0
310,103,112,3,SPINE_DIAGONAL,2854.461080118482
311,104,112,1,SPINE_LONGERON,2500.0
312,104,105,3,SPINE_DIAGONAL,2854.461080118482
313,105,106,2,SPINE_FRAME,1377.6603565143232
314,106,107,2,SPINE_FRAME,1377.6603565143232
315,107,108,2,SPINE_FRAME,1377.6603565143232
316,108,109,2,SPINE_FRAME,1377.6603565143232
317,109,110,2,SPINE_FRAME,1377.6603565143232
318,110,111,2,SPINE_FRAME,1377.6603565143232
319,111,112,2,SPINE_FRAME,1377.6603565143232
320,112,105,2,SPINE_FRAME,1377.6603565143232
321,105,113,1,SPINE_LONGERON,2500.0
322,105,120,3,SPINE_DIAGONAL,2854.461080118482
323,106,114,1,SPINE_LONGERON,2500.0
324,106,113,3,SPINE_DIAGONAL,2854.461080118482
325,107,115,1,SPINE_LONGERON,2500.0
326,107,114,3,SPINE_DIAGONAL,2854.461080118482
327,108,116,1,SPINE_LONGERON,2500.0
328,108,115,3,SPINE_DIAGONAL,2854.461080118482
329,109,117,1,SPINE_LONGERON,2500.0
330,109,116,3,SPINE_DIAGONAL,2854.461080118482
331,110,118,1,SPINE_LONGERON,2500.0
332,110,117,3,SPINE_DIAGONAL,2854.461080118482
333,111,119,1,SPINE_LONGERON,2500.0
334,111,118,3,SPINE_DIAGONAL,2854.461080118482
335,112,120,1,SPINE_LONGERON,2500.0
336,112,119,3,SPINE_DIAGONAL,2854.461080118482
337,113,114,2,SPINE_FRAME,1377.6603565143232
338,114,115,2,SPINE_FRAME,1377.6603565143232
339,115,116,2,SPINE_FRAME,1377.6603565143232
340,116,117,2,SPINE_FRAME,1377.6603565143232
341,117,118,2,SPINE_FRAME,1377.6603565143232
342,118,119,2,SPINE_FRAME,1377.6603565143232
343,119,120,2,SPINE_FRAME,1377.6603565143232
344,120,113,2,SPINE_FRAME,1377.6603565143232
345,113,121,1,SPINE_LONGERON,2500.0
346,113,122,3,SPINE_DIAGONAL,2854.461080118482
347,114,122,1,SPINE_LONGERON,2500.0
348,114,123,3,SPINE_DIAGONAL,2854.461080118482
349,115,123,1,SPINE_LONGERON,2500.0
350,115,124,3,SPINE_DIAGONAL,2854.461080118482
351,116,124,1,SPINE_LONGERON,2500.0
352,116,125,3,SPINE_DIAGONAL,2854.461080118482
353,117,125,1,SPINE_LONGERON,2500.0
354,117,126,3,SPINE_DIAGONAL,2854.461080118482
355,118,126,1,SPINE_LONGERON,2500.0
356,118,127,3,SPINE_DIAGONAL,2854.461080118482
357,119,127,1,SPINE_LONGERON,2500.0
358,119,128,3,SPINE_DIAGONAL,2854.461080118482
359,120,128,1,SPINE_LONGERON,2500.0
360,120,121,3,SPINE_DIAGONAL,2854.461080118482
361,121,122,2,SPINE_FRAME,1377.6603565143232
362,122,123,2,SPINE_FRAME,1377.6603565143232
363,123,124,2,SPINE_FRAME,1377.6603565143232
364,124,125,2,SPINE_FRAME,1377.6603565143232
365,125,126,2,SPINE_FRAME,1377.6603565143232
366,126,127,2,SPINE_FRAME,1377.6603565143232
367,127,128,2,SPINE_FRAME,1377.6603565143232
368,128,121,2,SPINE_FRAME,1377.6603565143232
369,121,129,1,SPINE_LONGERON,2500.0
370,121,136,3,SPINE_DIAGONAL,2854.461080118482
371,122,130,1,SPINE_LONGERON,2500.0
372,122,129,3,SPINE_DIAGONAL,2854.461080118482
373,123,131,1,SPINE_LONGERON,2500.0
374,123,130,3,SPINE_DIAGONAL,2854.461080118482
375,124,132,1,SPINE_LONGERON,2500.0
376,124,131,3,SPINE_DIAGONAL,2854.461080118482
377,125,133,1,SPINE_LONGERON,2500.0
378,125,132,3,SPINE_DIAGONAL,2854.461080118482
379,126,134,1,SPINE_LONGERON,2500.0
380,126,133,3,SPINE_DIAGONAL,2854.461080118482
381,127,135,1,SPINE_LONGERON,2500.0
382,127,134,3,SPINE_DIAGONAL,2854.461080118482
383,128,136,1,SPINE_LONGERON,2500.0
384,128,135,3,SPINE_DIAGONAL,2854.461080118482
385,129,130,2,SPINE_FRAME,1377.6603565143232
386,130,131,2,SPINE_FRAME,1377.6603565143232
387,131,132,2,SPINE_FRAME,1377.6603565143232
388,132,133,2,SPINE_FRAME,1377.6603565143232
389,133,134,2,SPINE_FRAME,1377.6603565143232
390,134,135,2,SPINE_FRAME,1377.6603565143232
391,135,136,2,SPINE_FRAME,1377.6603565143232
392,136,129,2,SPINE_FRAME,1377.6603565143232
393,129,137,1,SPINE_LONGERON,1000.0
394,129,138,3,SPINE_DIAGONAL,1702.3360590409793
395,130,138,1,SPINE_LONGERON,1000.0
396,130,139,3,SPINE_DIAGONAL,1702.336059040979
397,131,139,1,SPINE_LONGERON,1000.0
398,131,140,3,SPINE_DIAGONAL,1702.336059040979
399,132,140,1,SPINE_LONGERON,1000.0
400,132,141,3,SPINE_DIAGONAL,1702.3360590409793
401,133,141,1,SPINE_LONGERON,1000.0
402,133,142,3,SPINE_DIAGONAL,1702.3360590409793
403,134,142,1,SPINE_LONGERON,1000.0
404,134,143,3,SPINE_DIAGONAL,1702.336059040979
405,135,143,1,SPINE_LONGERON,1000.0
406,135,144,3,SPINE_DIAGONAL,1702.336059040979
407,136,144,1,SPINE_LONGERON,1000.0
408,136,137,3,SPINE_DIAGONAL,1702.3360590409793
409,137,138,2,SPINE_FRAME,1377.6603565143232
410,138,139,2,SPINE_FRAME,1377.6603565143232
411,139,140,2,SPINE_FRAME,1377.6603565143232
412,140,141,2,SPINE_FRAME,1377.6603565143232
413,141,142,2,SPINE_FRAME,1377.6603565143232
414,142,143,2,SPINE_FRAME,1377.6603565143232
415,143,144,2,SPINE_FRAME,1377.6603565143232
416,144,137,2,SPINE_FRAME,1377.6603565143232
417,137,145,1,SPINE_LONGERON,1500.0
418,137,152,3,SPINE_DIAGONAL,2036.6511870988543
419,138,146,1,SPINE_LONGERON,1500.0
420,138,145,3,SPINE_DIAGONAL,2036.6511870988543
421,139,147,1,SPINE_LONGERON,1500.0
422,139,146,3,SPINE_DIAGONAL,2036.6511870988543
423,140,148,1,SPINE_LONGERON,1500.0
424,140,147,3,SPINE_DIAGONAL,2036.6511870988543
425,141,149,1,SPINE_LONGERON,1500.0
426,141,148,3,SPINE_DIAGONAL,2036.6511870988543
427,142,150,1,SPINE_LONGERON,1500.0
428,142,149,3,SPINE_DIAGONAL,2036.6511870988543
429,143,151,1,SPINE_LONGERON,1500.0
430,143,150,3,SPINE_DIAGONAL,2036.6511870988543
431,144,152,1,SPINE_LONGERON,1500.0
432,144,151,3,SPINE_DIAGONAL,2036.6511870988543
433,145,146,2,SPINE_FRAME,1377.6603565143232
434,146,147,2,SPINE_FRAME,1377.6603565143232
435,147,148,2,SPINE_FRAME,1377.6603565143232
436,148,149,2,SPINE_FRAME,1377.6603565143232
437,149,150,2,SPINE_FRAME,1377.6603565143232
438,150,151,2,SPINE_FRAME,1377.6603565143232
439,151,152,2,SPINE_FRAME,1377.6603565143232
440,152,145,2,SPINE_FRAME,1377.6603565143232
441,145,153,1,SPINE_LONGERON,2500.0
442,145,154,3,SPINE_DIAGONAL,2854.461080118482
443,146,154,1,SPINE_LONGERON,2500.0
444,146,155,3,SPINE_DIAGONAL,2854.461080118482
445,147,155,1,SPINE_LONGERON,2500.0
446,147,156,3,SPINE_DIAGONAL,2854.461080118482
447,148,156,1,SPINE_LONGERON,2500.0
448,148,157,3,SPINE_DIAGONAL,2854.461080118482
449,149,157,1,SPINE_LONGERON,2500.0
450,149,158,3,SPINE_DIAGONAL,2854.461080118482
451,150,158,1,SPINE_LONGERON,2500.0
452,150,159,3,SPINE_DIAGONAL,2854.461080118482
453,151,159,1,SPINE_LONGERON,2500.0
454,151,160,3,SPINE_DIAGONAL,2854.461080118482
455,152,160,1,SPINE_LONGERON,2500.0
456,152,153,3,SPINE_DIAGONAL,2854.461080118482
457,153,154,2,SPINE_FRAME,1377.6603565143232
458,154,155,2,SPINE_FRAME,1377.6603565143232
459,155,156,2,SPINE_FRAME,1377.6603565143232
460,156,157,2,SPINE_FRAME,1377.6603565143232
461,157,158,2,SPINE_FRAME,1377.6603565143232
462,158,159,2,SPINE_FRAME,1377.6603565143232
463,159,160,2,SPINE_FRAME,1377.6603565143232
464,160,153,2,SPINE_FRAME,1377.6603565143232
465,153,161,1,SPINE_LONGERON,2000.0
466,153,168,3,SPINE_DIAGONAL,2428.5691379722284
467,154,162,1,SPINE_LONGERON,2000.0
468,154,161,3,SPINE_DIAGONAL,2428.5691379722284
469,155,163,1,SPINE_LONGERON,2000.0
470,155,162,3,SPINE_DIAGONAL,2428.5691379722284
471,156,164,1,SPINE_LONGERON,2000.0
472,156,163,3,SPINE_DIAGONAL,2428.5691379722284
473,157,165,1,SPINE_LONGERON,2000.0
474,157,164,3,SPINE_DIAGONAL,2428.5691379722284
475,158,166,1,SPINE_LONGERON,2000.0
476,158,165,3,SPINE_DIAGONAL,2428.5691379722284
477,159,167,1,SPINE_LONGERON,2000.0
478,159,166,3,SPINE_DIAGONAL,2428.5691379722284
479,160,168,1,SPINE_LONGERON,2000.0
480,160,167,3,SPINE_DIAGONAL,2428.5691379722284
481,161,162,2,SPINE_FRAME,1377.6603565143232
482,162,163,2,SPINE_FRAME,1377.6603565143232
483,163,164,2,SPINE_FRAME,1377.6603565143232
484,164,165,2,SPINE_FRAME,1377.6603565143232
485,165,166,2,SPINE_FRAME,1377.6603565143232
486,166,167,2,SPINE_FRAME,1377.6603565143232
487,167,168,2,SPINE_FRAME,1377.6603565143232
488,168,161,2,SPINE_FRAME,1377.6603565143232
489,65,169,5,RING1_SPOKE,10200.0
490,170,66,6,RING1_HUB_LINK,712.1802136903781
491,170,171,5,RING1_SPOKE,10800.000553501144
492,172,66,6,RING1_HUB_LINK,712.1802136903781
493,172,173,5,RING1_SPOKE,10800.000553501144
494,67,174,5,RING1_SPOKE,10200.0
495,175,68,6,RING1_HUB_LINK,712.1802136903781
496,175,176,5,RING1_SPOKE,10800.000553501144
497,177,68,6,RING1_HUB_LINK,712.1802136903781
498,177,178,5,RING1_SPOKE,10800.000553501144
499,69,179,5,RING1_SPOKE,10200.0
500,180,70,6,RING1_HUB_LINK,712.1802136903781
501,180,181,5,RING1_SPOKE,10800.000553501144
502,182,70,6,RING1_HUB_LINK,712.1802136903781
503,182,183,5,RING1_SPOKE,10800.000553501144
504,71,184,5,RING1_SPOKE,10200.0
505,185,72,6,RING1_HUB_LINK,712.1802136903781
506,185,186,5,RING1_SPOKE,10800.000553501144
507,187,72,6,RING1_HUB_LINK,712.1802136903781
508,187,188,5,RING1_SPOKE,10800.000553501144
509,169,171,4,RING1_CIRCUMFERENCE,6211.657042450508
510,171,173,4,RING1_CIRCUMFERENCE,6211.657301079158
511,173,174,4,RING1_CIRCUMFERENCE,6211.657042450508
512,174,176,4,RING1_CIRCUMFERENCE,6211.657042450508
513,176,178,4,RING1_CIRCUMFERENCE,6211.657301079158
514,178,179,4,RING1_CIRCUMFERENCE,6211.657042450508
515,179,181,4,RING1_CIRCUMFERENCE,6211.657042450508
516,181,183,4,RING1_CIRCUMFERENCE,6211.657301079158
517,183,184,4,RING1_CIRCUMFERENCE,6211.657042450508
518,184,186,4,RING1_CIRCUMFERENCE,6211.657042450508
519,186,188,4,RING1_CIRCUMFERENCE,6211.657301079158
520,188,169,4,RING1_CIRCUMFERENCE,6211.657042450508
521,89,189,5,RING2_SPOKE,10200.0
522,190,90,6,RING2_HUB_LINK,712.1802136903781
523,190,191,5,RING2_SPOKE,10800.000553501144
524,192,90,6,RING2_HUB_LINK,712.1802136903781
525,192,193,5,RING2_SPOKE,10800.000553501144
526,91,194,5,RING2_SPOKE,10200.0
527,195,92,6,RING2_HUB_LINK,712.1802136903781
528,195,196,5,RING2_SPOKE,10800.000553501144
529,197,92,6,RING2_HUB_LINK,712.1802136903781
530,197,198,5,RING2_SPOKE,10800.000553501144
531,93,199,5,RING2_SPOKE,10200.0
532,200,94,6,RING2_HUB_LINK,712.1802136903781
533,200,201,5,RING2_SPOKE,10800.000553501144
534,202,94,6,RING2_HUB_LINK,712.1802136903781
535,202,203,5,RING2_SPOKE,10800.000553501144
536,95,204,5,RING2_SPOKE,10200.0
537,205,96,6,RING2_HUB_LINK,712.1802136903781
538,205,206,5,RING2_SPOKE,10800.000553501144
539,207,96,6,RING2_HUB_LINK,712.1802136903781
540,207,208,5,RING2_SPOKE,10800.000553501144
541,189,191,4,RING2_CIRCUMFERENCE,6211.657042450508
542,191,193,4,RING2_CIRCUMFERENCE,6211.657301079158
543,193,194,4,RING2_CIRCUMFERENCE,6211.657042450508
544,194,196,4,RING2_CIRCUMFERENCE,6211.657042450508
545,196,198,4,RING2_CIRCUMFERENCE,6211.657301079158
546,198,199,4,RING2_CIRCUMFERENCE,6211.657042450508
547,199,201,4,RING2_CIRCUMFERENCE,6211.657042450508
548,201,203,4,RING2_CIRCUMFERENCE,6211.657301079158
549,203,204,4,RING2_CIRCUMFERENCE,6211.657042450508
550,204,206,4,RING2_CIRCUMFERENCE,6211.657042450508
551,206,208,4,RING2_CIRCUMFERENCE,6211.657301079158
552,208,189,4,RING2_CIRCUMFERENCE,6211.657042450508
553,17,209,6,PROP_BOOM,1400.0
554,18,209,6,PROP_BOOM,2309.5735278901543
555,18,210,6,PROP_BOOM,1533.7971201244688
556,19,210,6,PROP_BOOM,1871.7336298098082
557,20,211,6,PROP_BOOM,1533.7971201244688
558,21,211,6,PROP_BOOM,2778.4885065375024
559,21,212,6,PROP_BOOM,1400.0
560,22,212,6,PROP_BOOM,2309.5735278901543
561,22,213,6,PROP_BOOM,1533.7971201244688
562,23,213,6,PROP_BOOM,1871.7336298098082
563,24,214,6,PROP_BOOM,1533.7971201244688
564,17,214,6,PROP_BOOM,2778.4885065375024
565,161,215,7,DOCK_LINK,1077.0329614269008
566,162,216,7,DOCK_LINK,1077.03351941261
567,163,217,7,DOCK_LINK,1077.0329614269008
568,164,218,7,DOCK_LINK,1077.03351941261
569,165,219,7,DOCK_LINK,1077.0329614269008
570,166,220,7,DOCK_LINK,1077.03351941261
571,167,221,7,DOCK_LINK,1077.0329614269008
572,168,222,7,DOCK_LINK,1077.03351941261
573,215,216,7,DOCK_RING,612.293261803525
574,216,217,7,DOCK_RING,612.293261803525
575,217,218,7,DOCK_RING,612.293261803525
576,218,219,7,DOCK_RING,612.293261803525
577,219,220,7,DOCK_RING,612.293261803525
578,220,221,7,DOCK_RING,612.293261803525
579,221,222,7,DOCK_RING,612.293261803525
580,222,215,7,DOCK_RING,612.293261803525
581,169,187,8,RING1_TORQUE_BRACE,10977.179919856466
582,169,170,8,RING1_TORQUE_BRACE,10977.179919856466
583,171,65,8,RING1_TORQUE_BRACE,10479.871431130488
584,171,66,8,RING1_TORQUE_BRACE,10271.903773099884
585,173,66,8,RING1_TORQUE_BRACE,10271.903773099884
586,173,67,8,RING1_TORQUE_BRACE,10479.871431130488
587,174,172,8,RING1_TORQUE_BRACE,10977.179919856466
588,174,175,8,RING1_TORQUE_BRACE,10977.179919856466
589,176,67,8,RING1_TORQUE_BRACE,10479.871431130488
590,176,68,8,RING1_TORQUE_BRACE,10271.903773099884
591,178,68,8,RING1_TORQUE_BRACE,10271.903773099884
592,178,69,8,RING1_TORQUE_BRACE,10479.871431130488
593,179,177,8,RING1_TORQUE_BRACE,10977.179919856466
594,179,180,8,RING1_TORQUE_BRACE,10977.179919856466
595,181,69,8,RING1_TORQUE_BRACE,10479.871431130488
596,181,70,8,RING1_TORQUE_BRACE,10271.903773099884
597,183,70,8,RING1_TORQUE_BRACE,10271.903773099884
598,183,71,8,RING1_TORQUE_BRACE,10479.871431130488
599,184,182,8,RING1_TORQUE_BRACE,10977.179919856466
600,184,185,8,RING1_TORQUE_BRACE,10977.179919856466
601,186,71,8,RING1_TORQUE_BRACE,10479.871431130488
602,186,72,8,RING1_TORQUE_BRACE,10271.903773099884
603,188,72,8,RING1_TORQUE_BRACE,10271.903773099884
604,188,65,8,RING1_TORQUE_BRACE,10479.871431130488
605,189,207,8,RING2_TORQUE_BRACE,10977.179919856466
606,189,190,8,RING2_TORQUE_BRACE,10977.179919856466
607,191,89,8,RING2_TORQUE_BRACE,10479.871431130488
608,191,90,8,RING2_TORQUE_BRACE,10271.903773099884
609,193,90,8,RING2_TORQUE_BRACE,10271.903773099884
610,193,91,8,RING2_TORQUE_BRACE,10479.871431130488
611,194,192,8,RING2_TORQUE_BRACE,10977.179919856466
612,194,195,8,RING2_TORQUE_BRACE,10977.179919856466
613,196,91,8,RING2_TORQUE_BRACE,10479.871431130488
614,196,92,8,RING2_TORQUE_BRACE,10271.903773099884
615,198,92,8,RING2_TORQUE_BRACE,10271.903773099884
616,198,93,8,RING2_TORQUE_BRACE,10479.871431130488
617,199,197,8,RING2_TORQUE_BRACE,10977.179919856466
618,199,200,8,RING2_TORQUE_BRACE,10977.179919856466
619,201,93,8,RING2_TORQUE_BRACE,10479.871431130488
620,201,94,8,RING2_TORQUE_BRACE,10271.903773099884
621,203,94,8,RING2_TORQUE_BRACE,10271.903773099884
622,203,95,8,RING2_TORQUE_BRACE,10479.871431130488
623,204,202,8,RING2_TORQUE_BRACE,10977.179919856466
624,204,205,8,RING2_TORQUE_BRACE,10977.179919856466
625,206,95,8,RING2_TORQUE_BRACE,10479.871431130488
626,206,96,8,RING2_TORQUE_BRACE,10271.903773099884
627,208,96,8,RING2_TORQUE_BRACE,10271.903773099884
628,208,89,8,RING2_TORQUE_BRACE,10479.871431130488
629,215,129,9,DOCK_LOAD_SPREADER,7467.261881037788
630,216,130,9,DOCK_LOAD_SPREADER,7467.261961518312
631,217,131,9,DOCK_LOAD_SPREADER,7467.261881037788
632,218,132,9,DOCK_LOAD_SPREADER,7467.261961518312
633,219,133,9,DOCK_LOAD_SPREADER,7467.261881037788
634,220,134,9,DOCK_LOAD_SPREADER,7467.261961518312
635,221,135,9,DOCK_LOAD_SPREADER,7467.261881037788
636,222,136,9,DOCK_LOAD_SPREADER,7467.261961518312
637,209,9,10,PROP_LONGITUDINAL_STRUT,2865.3097563788806
638,209,25,10,PROP_LONGITUDINAL_STRUT,2865.3097563788806
639,210,10,10,PROP_LONGITUDINAL_STRUT,2933.0076040989243
640,210,26,10,PROP_LONGITUDINAL_STRUT,2933.0076040989243
641,211,12,10,PROP_LONGITUDINAL_STRUT,2933.0076040989243
642,211,28,10,PROP_LONGITUDINAL_STRUT,2933.0076040989243
643,212,13,10,PROP_LONGITUDINAL_STRUT,2865.3097563788806
644,212,29,10,PROP_LONGITUDINAL_STRUT,2865.3097563788806
645,213,14,10,PROP_LONGITUDINAL_STRUT,2933.0076040989243
646,213,30,10,PROP_LONGITUDINAL_STRUT,2933.0076040989243
647,214,16,10,PROP_LONGITUDINAL_STRUT,2933.0076040989243
648,214,32,10,PROP_LONGITUDINAL_STRUT,2933.0076040989243
