time_min,normal_240_m3_h_ppm,degraded_80_m3_h_ppm,fan_loss_from_nominal_ss_ppm
0.0,420.0,420.0,586.6666666666666
1.0,434.1754618783282,434.5974878057694,601.4814814814814
2.0,447.1452614398727,448.7688023110597,616.2962962962963
3.0,459.0119436058919,462.52638563498454,631.1111111111111
4.0,469.8693315679112,475.88231664929367,645.9259259259259
5.0,479.8032685950076,488.84832158337065,660.7407407407406
6.0,488.892296748328,501.43578431961816,675.5555555555555
7.0,497.20827786905784,513.6557563882698,690.3703703703703
8.0,504.81696174964077,525.5189666704034,705.1851851851851
9.0,511.778505980463,537.0358308176757,720.0
10.0,518.1479515821354,548.2164603970468,734.8148148148148
11.0,523.9756581839322,559.0706717685266,749.6296296296296
12.0,529.3077021890979,569.6079947037335,764.4444444444445
13.0,534.1862410750908,579.8376807528363,779.2592592592592
14.0,538.6498467090818,589.7687113672217,794.074074074074
15.0,542.7338103140455,599.4098057850226,808.8888888888889
16.0,546.4704214966414,608.7694286864274,823.7037037037037
17.0,549.8892235429992,617.8557976254924,838.5185185185185
18.0,553.0172470008907,626.6768902449841,853.3333333333333
19.0,555.8792233950911,635.2404512805824,868.148148148148
20.0,558.4977807656556,643.5539993605987,882.9629629629629
21.0,560.8936225751241,651.6248336071735,897.7777777777777
22.0,563.0856913991729,659.4600400447548,912.5925925925926
23.0,565.0913186949219,667.0664978214794,927.4074074074074
24.0,566.9263618310326,674.4508852489224,942.2222222222222
25.0,568.6053294630174,681.6196856655151,957.037037037037
26.0,570.1414962450291,688.5791931287813,971.8518518518518
27.0,571.5470077850979,695.3355179413892,986.6666666666666
28.0,572.832976673632,701.8945920158693,1001.4814814814815
29.0,574.0095703444291,708.2621740827108,1016.2962962962963
30.0,575.0860914628664,714.4438547464063,1031.111111111111
31.0,576.0710514768499,720.4450613938868,1045.9259259259259
32.0,576.972237912054,726.2710629596545,1060.7407407407406
33.0,577.796775943513,731.9269745517968,1075.5555555555557
34.0,578.5511847303791,737.4177619429453,1090.3703703703704
35.0,579.2414289592517,742.7482459301212,1105.1851851851852
36.0,579.8729660036056,747.9231065672939,1120.0
37.0,580.4507890721776,752.946887274371,1134.8148148148148
38.0,580.9794666874637,757.8239988262274,1149.6296296296296
39.0,581.4631788064614,762.5587232252726,1164.4444444444443
40.0,581.9057498692416,767.1552174609603,1179.2592592592591
41.0,582.3106790366484,771.6175171595385,1194.074074074074
42.0,582.6811678561991,775.9495401272453,1208.8888888888887
43.0,583.0201455749225,780.1550897900613,1223.7037037037037
44.0,583.3302922992698,784.2378585330383,1238.5185185185185
45.0,583.614060185211,788.2014309421367,1253.3333333333335
46.0,583.8736928260554,792.0492869514167,1268.1481481481483
47.0,584.1112429912839,795.7848048983491,1282.962962962963
48.0,584.3285888566442,799.4112644899243,1297.7777777777778
49.0,584.5274488538314,802.9318496821672,1312.5925925925926
50.0,584.7093952571631,806.3496514755843,1327.4074074074074
51.0,584.8758666146688,809.6676706289975,1342.2222222222222
52.0,585.0281791218816,812.8888202941482,1357.037037037037
53.0,585.1675370282569,816.0159285733837,1371.8518518518517
54.0,585.2950421584966,819.0517410026723,1386.6666666666665
55.0,585.4117026240583,821.9989229621266,1401.4814814814813
56.0,585.5184407937263,824.8600620161518,1416.2962962962963
57.0,585.6161005862638,827.6376701852736,1431.111111111111
58.0,585.7054541428042,830.3341861516394,1445.9259259259259
59.0,585.7872079317382,832.9519774001311,1460.7407407407406
60.0,585.8620083343613,835.493342296967,1475.5555555555557
61.0,585.9304467554495,837.9605121076196,1490.3703703703704
62.0,585.9930642991626,840.3556529558208,1505.1851851851852
63.0,586.0503560472528,842.6808677253725,1520.0
64.0,586.1027749733971,844.9381979064357,1534.8148148148148
65.0,586.1507355246058,847.1296253879154,1549.6296296296296
66.0,586.1946168980226,849.2570741975189,1564.4444444444443
67.0,586.234766039023,851.3224121910113,1579.2592592592591
68.0,586.2715003843174,853.327452692154,1594.074074074074
69.0,586.3051103717436,855.2739560847658,1608.8888888888887
70.0,586.3358617365969,857.1636313583024,1623.703703703704
71.0,586.3639976126491,858.9981376083144,1638.5185185185187
72.0,586.3897404544709,860.7790854930981,1653.3333333333335
73.0,586.4132937962555,862.5080386478202,1668.1481481481483
74.0,586.4348438610486,864.1865150573566,1682.962962962963
75.0,586.4545610331099,865.8159883890521,1697.7777777777778
76.0,586.472601205046,867.397889286569,1712.5925925925926
77.0,586.4891070103646,868.9336066259631,1727.4074074074074
78.0,586.5042089511988,870.4244887350874,1742.2222222222222
79.0,586.5180264301135,871.871844577396,1757.037037037037
80.0,586.5306686941547,873.2769449011873,1771.8518518518517
81.0,586.5422356986038,874.6410233552938,1786.6666666666665
82.0,586.5528188972694,875.9652775722003,1801.4814814814813
83.0,586.5625019655595,877.2508702195408,1816.296296296296
84.0,586.5713614620572,878.4989300208958,1831.1111111111109
85.0,586.5794674338257,879.7105527467885,1845.925925925926
86.0,586.5868839702314,880.8868021767485,1860.7407407407409
87.0,586.5936697096627,882.0287110332875,1875.5555555555557
88.0,586.59987830315,883.1372818886094,1890.3703703703704
89.0,586.6055588385558,884.2134880448465,1905.1851851851852
90.0,586.6107562286829,885.2582743885993,1920.0
91.0,586.6155115663763,886.2725582205269,1934.8148148148148
92.0,586.6198624494206,887.2572300607181,1949.6296296296296
93.0,586.6238432778044,888.2131544305497,1964.4444444444443
94.0,586.6274855257024,889.1411706117176,1979.2592592592591
95.0,586.630817990323,890.0420933831091,1994.074074074074
96.0,586.6338670195923,890.916713736162,2008.8888888888891
97.0,586.6366567204726,891.7657995693381,2023.703703703704
98.0,586.6392091495621,892.5900963623226,2038.5185185185187
99.0,586.641544487484,893.3903278305393,2053.3333333333335
100.0,586.6436811984439,894.1671965605577,2068.1481481481483
101.0,586.6456361762151,894.9213846269499,2082.962962962963
102.0,586.6474248777092,895.6535541911372,2097.777777777778
103.0,586.6490614451842,896.3643480827546,2112.5925925925926
104.0,586.6505588180602,897.0543903640414,2127.4074074074074
105.0,586.6519288352233,897.7242868777552,2142.222222222222
106.0,586.6531823286301,898.3746257790888,2157.037037037037
107.0,586.6543292089489,899.0059780520586,2171.8518518518517
108.0,586.6553785439181,899.6188980108169,2186.6666666666665
109.0,586.6563386300403,900.2139237863274,2201.4814814814813
110.0,586.6572170581771,900.7915777988336,2216.296296296296
111.0,586.6580207735666,901.3523672165328,2231.1111111111113
112.0,586.6587561307349,901.896784400859,2245.925925925926
113.0,586.6594289437381,902.4253073387664,2260.740740740741
114.0,586.6600445321309,902.9384000623915,2275.5555555555557
115.0,586.6606077630248,903.4365130564637,2290.3703703703704
116.0,586.6611230895704,903.9200836538223,2305.185185185185
117.0,586.6615945861653,904.3895364193845,2320.0
118.0,586.662025980668,904.8452835229054,2334.814814814815
119.0,586.6624206838727,905.287725100854,2349.6296296296296
120.0,586.6627818164761,905.7172496077249,2364.4444444444443
