element_id,group,section_id,length_m,axial_force_N,torsion_Nm,bending_My_Nm,bending_Mz_Nm,screening_von_mises_MPa,yield_factor,member_euler_factor
1,SPINE_FRAME,2,0.9184401633029775,0.0,0.0,0.0,0.0,0.0,inf,inf
2,SPINE_FRAME,2,0.9184401633029775,0.0,0.0,0.0,0.0,0.0,inf,inf
3,SPINE_FRAME,2,0.9184401633029775,0.0,0.0,0.0,0.0,0.0,inf,inf
4,SPINE_FRAME,2,0.9184401633029775,0.0,0.0,0.0,0.0,0.0,inf,inf
5,SPINE_FRAME,2,0.9184401633029775,0.0,0.0,0.0,0.0,0.0,inf,inf
6,SPINE_FRAME,2,0.9184401633029775,0.0,0.0,0.0,0.0,0.0,inf,inf
7,SPINE_FRAME,2,0.9184401633029775,0.0,0.0,0.0,0.0,0.0,inf,inf
8,SPINE_FRAME,2,0.9184401633029775,0.0,0.0,0.0,0.0,0.0,inf,inf
9,SPINE_LONGERON,1,2.5,23074.94755542212,-12.708894199420689,323.2498806782014,-120.29389099113699,11.151134876479341,45.1075164610338,42.28927138294497
10,SPINE_DIAGONAL,3,2.6633686064020505,2014.6087745508328,-3.0367324088191547,33.95265719158755,-8.19934507317444,3.4359773939644036,146.39211564184436,49.581466278113645
11,SPINE_LONGERON,1,2.5,16264.553771662075,-11.969757940839328,296.8442514431458,-88.64752168207582,8.479196063000861,59.32166166021923,59.99689465927163
12,SPINE_DIAGONAL,3,2.6633686064020505,-2084.0379872128588,1.8177519644170852,29.897815884924043,6.069735555573106,3.3002572373123815,152.41236177384351,47.929671931062416
13,SPINE_LONGERON,1,2.5,1661.189390901438,-11.045458818895916,265.32952607357555,-85.2434939338425,3.160379063165672,159.15812310696603,587.4241219352732
14,SPINE_DIAGONAL,3,2.6633686064020505,-1035.0762032444227,0.23912924731611543,27.63811835463471,4.155632012385611,2.2138885528651207,227.20204201292734,96.50232196034423
15,SPINE_LONGERON,1,2.5,-12178.509323024296,-10.558978547724287,241.09382543203066,-95.51848206034491,6.603089964701107,76.17645718730846,80.12661430357569
16,SPINE_DIAGONAL,3,2.6633686064020505,-519.3881412477659,0.7809634047436881,24.691914123913474,-12.624583027567963,1.727222807855298,291.21894275155955,192.31716915795798
17,SPINE_LONGERON,1,2.5,-17152.33390364941,-10.684634915543688,221.28193962806517,-119.68119709911933,8.244469453986568,61.01059659536699,56.89154168756288
18,SPINE_DIAGONAL,3,2.6633686064020505,-1667.663683566716,0.6389026839971684,24.944130295264422,-13.931544609785453,2.8272840267068657,177.90925681629486,59.89652350367797
19,SPINE_LONGERON,1,2.5,-10343.193877525977,-11.444621628481427,224.43364544910185,-160.40367533873794,6.124476981682322,82.12946207560597,94.34442889432513
20,SPINE_DIAGONAL,3,2.6633686064020505,-1738.0916619098323,-0.5705201296430349,26.686376478975742,-17.32845739692056,3.0383939443278076,165.54798660622006,57.469498995942985
21,SPINE_LONGERON,1,2.5,4260.459692443161,-12.29334713403969,264.8475578503441,-187.24990484074263,4.479566062826244,112.28766200685243,229.04165037620226
22,SPINE_DIAGONAL,3,2.6633686064020505,-690.366803479931,-2.1495071195331947,30.92519419596693,-19.582179825187875,2.285408328229452,220.09196071744577,144.6872249874739
23,SPINE_LONGERON,1,2.5,18103.774495139423,-12.754757791485948,312.8465700389478,-168.05398164213216,9.533554134125714,52.76101576845226,53.90161701254407
24,SPINE_DIAGONAL,3,2.6633686064020505,864.7918056325424,-3.177727037547411,35.0009275005601,-15.428931502192482,2.522331433933626,199.41867798696126,115.50439813189783
25,SPINE_FRAME,2,0.9184401633029775,-241.4000670571986,0.827162481453648,-13.20789092090547,24.995742008873435,0.7007324333257431,717.8203492204777,10397.367368761434
26,SPINE_FRAME,2,0.9184401633029775,238.15036029742987,3.8728637086159736,-18.345894336544006,69.88174998685282,1.582185435563622,317.9146948858218,10539.245781121861
27,SPINE_FRAME,2,0.9184401633029775,-545.7036145420134,-4.7754232855235905,-21.438774331191325,75.79326374367443,1.8835362357222818,267.05087508290706,4599.42927470586
28,SPINE_FRAME,2,0.9184401633029775,-502.28072878718376,-2.7843827667279086,16.82744941302758,-44.94724730120433,1.2414810421779336,405.1612412200719,4997.056498858417
29,SPINE_FRAME,2,0.9184401633029775,131.05187815881072,-0.8135629684777186,11.50292718228468,24.807213225144864,0.6210813358628113,809.8778226868277,19152.149631886787
30,SPINE_FRAME,2,0.9184401633029775,-349.0081337747979,-3.840878330878656,6.219153976076882,69.71849745254542,1.5983052325430038,314.7083484170889,7191.5950865973255
31,SPINE_FRAME,2,0.9184401633029775,656.8846097849746,4.850152061742687,2.8197622919676064,75.87817543682549,1.8882540454186603,266.3836474866261,3820.9529385365577
32,SPINE_FRAME,2,0.9184401633029775,612.0057582858717,2.781739077421598,-7.644608933922882,-44.95902980867447,1.2542894379865108,401.02386639518966,4101.14634716384
33,SPINE_LONGERON,1,2.5,21871.781178750804,12.109522082590106,-310.459916985577,-49.97714058786971,10.453986838624145,48.115614431575096,44.61560361012181
34,SPINE_DIAGONAL,3,2.6633686064020505,-2012.3392958497498,-2.315897081596731,-32.72430296258421,6.5233256719342165,3.3629183331025754,149.5724695568031,49.63738333043118
35,SPINE_LONGERON,1,2.5,17354.050988046256,11.440464679135486,-320.7362624162164,-111.5554516545995,9.13090548881943,55.0876362279635,56.23025540207475
36,SPINE_DIAGONAL,3,2.6633686064020505,742.710372737216,2.3142193414910093,-35.8790822994366,-10.206378752195803,2.365434727955559,212.64590143002678,134.490187138299
37,SPINE_LONGERON,1,2.5,4405.801687781942,10.278039254769517,-258.60260274935297,-151.27097832901114,4.299515697081838,116.98992059533485,221.48584717841376
38,SPINE_DIAGONAL,3,2.6633686064020505,-862.9206695112669,1.5977413748149065,-29.553472753508164,-15.954059145528717,2.308705740388598,217.87098771424016,115.75485505006759
39,SPINE_LONGERON,1,2.5,-9383.523810250848,8.976951868783278,-198.58817750661905,-110.48909288406537,5.342494483931542,94.15077573086089,103.9932054365813
40,SPINE_DIAGONAL,3,2.6633686064020505,-1863.931328955372,0.5756069579435608,-23.159013446854964,-11.48915121895324,2.8866889594633216,174.24807697103438,53.58955851392075
41,SPINE_LONGERON,1,2.5,-15942.79484157939,8.854574006126542,-208.23136548079265,-50.073224810681836,7.4804665500385505,67.24179523233184,61.20775742365368
42,SPINE_DIAGONAL,3,2.6633686064020505,-1674.0438738817284,-0.18284276934999344,-23.77868853872723,-5.963491019424843,2.650807711770081,189.75348448195098,59.66824321477792
43,SPINE_LONGERON,1,2.5,-11423.71126194097,9.532188647059307,-248.35233147276057,-39.29524002334392,6.269807105865514,80.22575360084599,85.4208143871337
44,SPINE_DIAGONAL,3,2.6633686064020505,-405.3271618246208,-0.16733944030189996,-25.78706362553405,-6.76664184553352,1.5732456455607948,319.72120909363906,246.43612969170752
45,SPINE_LONGERON,1,2.5,1524.2154206138648,10.518841952199335,-258.1681708809081,-49.11528082728262,2.9656732942524777,169.60735391009592,640.2131261245634
46,SPINE_DIAGONAL,3,2.6633686064020505,-1200.405657798403,-0.5418764443278883,-25.822691968613814,4.3913421554487755,2.2880577831373743,219.83710538563793,83.21125143826931
47,SPINE_LONGERON,1,2.5,-15309.75879746713,-11.803310677852007,-270.24583041730153,55.008921729635915,7.834608240442742,64.20231676722292,63.7386083104007
48,SPINE_DIAGONAL,3,2.6633686064020505,-2207.4091109225756,-1.548276995945601,-27.311882363143663,7.509182130972128,3.3161234955560923,151.68313263184132,45.25090366109642
49,SPINE_FRAME,2,0.9184401633029775,-609.9799634231167,2.0468073022744164,6.57782873226347,42.40477426539803,1.198770062456428,419.59673147767046,4114.766599794545
50,SPINE_FRAME,2,0.9184401633029775,-611.3886958672956,3.6810490231977866,2.314109733610394,68.90348172918496,1.7222315790382643,292.0629293540694,4105.2855523879825
51,SPINE_FRAME,2,0.9184401633029775,289.2302269874199,-2.2450751665161164,4.946237416320059,62.396783496379754,1.41589933583737,355.2512436927751,8677.94907254458
52,SPINE_FRAME,2,0.9184401633029775,-163.73653138816007,-0.3393325558393059,-7.3943774359161125,-18.62610257317101,0.49256866565141616,1021.1774216997512,15329.048189540636
53,SPINE_FRAME,2,0.9184401633029775,492.67261366092134,-2.0449278304266016,-11.716294018787266,42.400365568450866,1.1554566182086419,435.3257336305921,5094.509234817704
54,SPINE_FRAME,2,0.9184401633029775,501.72728547200677,-3.6813392111122134,-15.357421532736794,68.90755077798886,1.694751034033678,296.7987568078418,5002.568631833711
55,SPINE_FRAME,2,0.9184401633029775,-178.60642517459928,2.2473558285735784,-17.59389965022524,62.402103627700996,1.399637180599684,359.3788497276746,14052.826921448795
56,SPINE_FRAME,2,0.9184401633029775,288.87850775884,0.33890456081485354,11.087846490957645,-18.620105927326676,0.5945516543764262,846.015642707366,8688.514765289015
57,SPINE_LONGERON,1,2.5,20640.388481958813,-12.0342662399648,296.08079749426975,-58.87686394534353,9.913040927516771,50.74124112650084,47.277342680415536
58,SPINE_DIAGONAL,3,2.6633686064020505,1928.3794477620904,-2.3312052314844722,31.26838749386421,-1.8677236125658112,3.193445274430007,157.51013616157232,51.7985488462369
59,SPINE_LONGERON,1,2.5,14456.706026625594,-11.528889371020588,258.9752774445962,-41.79274939079028,7.415786722981268,67.82827214288947,67.49965846446972
60,SPINE_DIAGONAL,3,2.6633686064020505,-2153.2636327633154,1.558430565574667,25.90093086046815,6.873452524984501,3.1973799091054813,157.3163071950128,46.38877260505123
61,SPINE_LONGERON,1,2.5,1540.325652281589,-10.470352271480769,243.5615897036085,-47.83939417719216,2.8358996150418805,177.36876063314804,633.5171513069608
62,SPINE_DIAGONAL,3,2.6633686064020505,-1217.2373008086943,0.5344548578739632,24.114176289413415,4.167218626082061,2.2262491926769448,225.94056480944508,82.06062774499435
63,SPINE_LONGERON,1,2.5,-10545.80132440207,-9.22250029331741,225.714860558304,-42.83721609295776,5.7659747312238565,87.23590085751829,92.53187020131884
64,SPINE_DIAGONAL,3,2.6633686064020505,-335.757523305753,0.21066434542175783,23.281471756240204,-6.991983911588278,1.4032062541912724,358.46476488939277,297.4981946362018
65,SPINE_LONGERON,1,2.5,-14712.280466263277,-9.110931114932065,193.81785690504918,-58.952944451745,6.949104580203656,72.38342641049427,66.32708787438679
66,SPINE_DIAGONAL,3,2.6633686064020505,-1590.0711442643005,0.16460918148209647,22.024171992901707,-7.222086308364808,2.5130156139685904,200.15792866708662,62.81936338464915
67,SPINE_LONGERON,1,2.5,-8526.955550746097,-9.626120789690574,186.6391659165448,-114.15389443648178,4.968868821665909,101.23028360232692,114.4397567820188
68,SPINE_DIAGONAL,3,2.6633686064020505,-1815.1302713551158,-0.5987643497918156,22.220988195732918,-12.071767852531181,2.8161966046308753,178.60968910085353,55.03035159256722
69,SPINE_LONGERON,1,2.5,4389.680036968982,-10.48688325137675,243.11147061012045,-149.99989893032193,4.164680176732498,120.77758162804257,222.29928174725504
70,SPINE_DIAGONAL,3,2.6633686064020505,-873.7253383220632,-1.6070737509746749,28.04512023280869,-15.698606494027942,2.2537969738901102,223.17893130001383,114.32340649615521
71,SPINE_LONGERON,1,2.5,16471.58433336411,-11.71677432123246,298.1668481784543,-114.82468706036047,8.64065480063523,58.21318078382454,59.24279653790713
72,SPINE_DIAGONAL,3,2.6633686064020505,674.5065352753118,-2.363543763330812,33.45868268588394,-10.22358934449798,2.1984137869751175,228.80133075043037,148.08938356425742
73,SPINE_FRAME,2,0.9184401633029775,-258.842265151412,0.2468139602094226,-12.494869482331524,20.04779659635733,0.6170439351373871,815.1769612450776,9696.736267429651
74,SPINE_FRAME,2,0.9184401633029775,170.25007606332656,2.724717431619119,-17.122354715591882,63.41638615348592,1.412352384939762,356.1434138984043,14742.578905537417
75,SPINE_FRAME,2,0.9184401633029775,-468.0807009266573,-3.753675322280877,-19.550063121943367,70.13848244853538,1.7205542198321984,292.34765995869424,5362.163351465785
76,SPINE_FRAME,2,0.9184401633029775,-459.0483899631654,-2.4240361426124224,15.781422289158854,-42.32808397766803,1.1608245666645656,433.3126765617013,5467.67015180848
77,SPINE_FRAME,2,0.9184401633029775,149.48543079146475,-0.2629101234655167,10.880053356867393,20.098695499066594,0.5411050741496013,929.579159446089,16790.433467317198
78,SPINE_FRAME,2,0.9184401633029775,-280.21193848521216,-2.764819364289906,6.043914810541537,63.46047854001871,1.4343390049305325,350.6841815435125,8957.238558805362
79,SPINE_FRAME,2,0.9184401633029775,578.2937825499685,3.693663817900095,3.3105859581876302,70.01511182054219,1.7269983086221838,291.25679943560476,4340.225082431116
80,SPINE_FRAME,2,0.9184401633029775,567.6759384018078,2.4381732771152684,-7.30037682189095,-42.2584892796076,1.1750363663695054,428.0718575154508,4421.404907707721
81,SPINE_LONGERON,1,2.5,19419.567278203962,11.928303853463298,-278.0495313490474,-53.472757399105376,9.318610394496208,53.97800516449145,50.24945743326154
82,SPINE_DIAGONAL,3,2.6633686064020505,1851.9530828418501,2.223300621249098,-29.263219733124686,-1.4373412929074902,3.0316356714653034,165.91703440304263,53.936170383812026
83,SPINE_LONGERON,1,2.5,15610.114539711329,11.446426511132902,-283.6941307304642,-110.55627388165885,8.204306592074392,61.3092641474312,62.512207507256
84,SPINE_DIAGONAL,3,2.6633686064020505,594.8216009891221,2.230973212922269,-31.83421907920424,-9.736201406405002,2.048373616885114,245.56067108738372,167.9280928145222
85,SPINE_LONGERON,1,2.5,4394.488766974278,10.240385252820698,-226.8488296898881,-146.35900693403437,4.020619338576824,125.10510387637109,222.05602768905206
86,SPINE_DIAGONAL,3,2.6633686064020505,-912.0776759012697,1.5421525503725333,-26.31496681813344,-15.196258153509802,2.210475913912319,227.55280744486413,109.51617352138388
87,SPINE_LONGERON,1,2.5,-7660.401811054784,9.126223192253777,-169.46475868418239,-110.59372795390846,4.517906155855811,111.33476053902639,127.38531781847936
88,SPINE_DIAGONAL,3,2.6633686064020505,-1786.5666174722792,0.5811547558484196,-20.34711310927861,-11.746254965613304,2.7091328912513823,185.6682636810991,55.91017767941354
89,SPINE_LONGERON,1,2.5,-13490.614486497609,8.690491000916204,-175.73809804115618,-53.43739621925624,6.352791403577415,79.17779257111262,72.33345228974879
90,SPINE_DIAGONAL,3,2.6633686064020505,-1513.8801004533088,-0.10766273329988696,-19.96800971817895,-6.665089063858517,2.346914435508869,214.32396187504688,65.98095647672112
91,SPINE_LONGERON,1,2.5,-9681.181611811986,9.186059283144898,-211.40569359538037,-38.17387910024627,5.329670430426649,94.37731780344512,100.79582828276557
92,SPINE_DIAGONAL,3,2.6633686064020505,-255.62732386028028,-0.11798293883292654,-21.711433615708913,-6.387557115426347,1.253667553451428,401.2227951622488,390.75344337438645
93,SPINE_LONGERON,1,2.5,1534.6152586948356,10.334357965027353,-226.76892892901108,-44.06912284453847,2.6742801200333512,188.08800029285155,635.8745058669555
94,SPINE_DIAGONAL,3,2.6633686064020505,-1250.7970486444137,-0.5587379973927291,-22.361438215818275,3.9714925726525507,2.1782049714763745,230.92408959982748,79.85888448269013
95,SPINE_LONGERON,1,2.5,13591.247256470226,11.431713291227473,-241.86900246262002,-38.33844364119477,6.955813963606743,72.31360738394208,71.79787850992999
96,SPINE_DIAGONAL,3,2.6633686064020505,-2124.817525022736,-1.5236238007824192,-24.18660478133416,6.4309646076025615,3.0914820916837513,162.70513141677137,47.009804768018924
97,SPINE_FRAME,2,0.9184401633029775,-533.3344027127023,2.4414790104636097,7.611266001552394,42.16568552632157,1.1552923464435463,435.387632877891,4706.10027643274
98,SPINE_FRAME,2,0.9184401633029775,-539.9821783823427,3.6724206249966898,3.8729667542770585,69.99032716914962,1.705872132827672,294.863835524543,4648.162995964929
99,SPINE_FRAME,2,0.9184401633029775,262.0144609963754,-2.732433437099864,6.258034191155275,63.37296732570167,1.4229205441222124,353.4983046508029,9579.338371220892
100,SPINE_FRAME,2,0.9184401633029775,-137.37618306971854,-0.2005638853810865,-10.684279168405737,-20.112361124066524,0.5327797459519394,944.1049586096206,18270.453611042238
101,SPINE_FRAME,2,0.9184401633029775,424.01210839435225,-2.451564588986031,-15.279837630561815,42.17397804246002,1.1350931751395252,443.13542801292186,5919.465813233296
102,SPINE_FRAME,2,0.9184401633029775,430.5596273051342,-3.670481289180117,-19.120856993430152,69.9800581400391,1.6943947839777826,296.86115936874575,5829.448515056834
103,SPINE_FRAME,2,0.9184401633029775,-152.79061360436026,2.7252221887093384,-16.708299828479085,63.38221874998408,1.399891893152876,359.31346017522054,16427.221023777023
104,SPINE_FRAME,2,0.9184401633029775,246.47324275033316,0.20003287336373887,12.334105389252727,-20.103108195696905,0.609439428756,825.3486339515867,10183.357641704684
105,SPINE_LONGERON,1,2.5,18197.745016411427,-11.78513546264288,261.06020086768,-51.14069256217408,8.738787057479854,57.55947555324208,53.62327686416279
106,SPINE_DIAGONAL,3,2.6633686064020505,1773.2182644269778,-2.1295736114845827,27.399266724750532,-1.2968946272274593,2.8747628725531116,174.97095318796838,56.331055811261294
107,SPINE_LONGERON,1,2.5,12726.462967862928,-11.371030292462859,225.74785833392866,-35.65362883029775,6.506240349984606,77.31039324441652,76.67666356179498
108,SPINE_DIAGONAL,3,2.6633686064020505,-2090.1569528942928,1.4947216760752733,22.474331045399012,5.991737545931642,2.979966767894237,168.79382864911602,47.78935710099071
109,SPINE_LONGERON,1,2.5,1537.1029564312958,-10.35118768787819,210.3018318237825,-40.9719572630911,2.5196904068800827,199.6276997469788,634.8453857534982
110,SPINE_DIAGONAL,3,2.6633686064020505,-1281.993161223938,0.6057522370299608,20.600168768050967,3.707228087515773,2.1270825448277106,236.47413271436625,77.91559271940275
111,SPINE_LONGERON,1,2.5,-8816.124987400079,-9.294078285172512,194.38602670446846,-35.241862925751775,4.871423430170765,103.25524093937521,110.68612578804238
112,SPINE_DIAGONAL,3,2.6633686064020505,-178.0941560920346,0.020980058866503448,19.8386649913465,-6.001692758112085,1.0963038902808788,458.8143893853453,560.867684885543
113,SPINE_LONGERON,1,2.5,-12268.167921174318,-8.82726169545839,158.76498360089593,-51.137905882683754,5.774984311096599,87.09980372301418,79.54103054248561
114,SPINE_DIAGONAL,3,2.6633686064020505,-1434.6290499977185,0.019025863856486858,18.10153942419857,-6.525097204161966,2.192262835151307,229.44329116690224,69.62584301436168
115,SPINE_LONGERON,1,2.5,-6797.47721488394,-9.240240664586285,153.42442941290173,-107.99286853314788,4.083907206199097,123.16636363247426,143.55660026072331
116,SPINE_DIAGONAL,3,2.6633686064020505,-1751.54336989687,-0.613410080392226,18.68017384263044,-11.54995851494948,2.6078984025117453,192.87561183961216,57.02813800429349
117,SPINE_LONGERON,1,2.5,4391.863871301412,-10.288463380619804,210.30749256153985,-143.27849185522473,3.8759749480749233,129.77380058914585,222.18874444059432
118,SPINE_DIAGONAL,3,2.6633686064020505,-943.5591560289176,-1.5056880294005532,24.59719407456943,-14.776723825195745,2.1634939124294372,232.4942987406744,105.86220946588185
119,SPINE_LONGERON,1,2.5,14746.136392468834,-11.347845731866451,266.7293290721336,-107.58637032710112,7.750144998706109,64.90201152158781,66.17480629141896
120,SPINE_DIAGONAL,3,2.6633686064020505,517.005447704088,-2.134884498793215,29.9705691642001,-9.343215766132005,1.8911137735953558,265.98082411705155,193.20349033566703
121,SPINE_FRAME,2,0.9184401633029775,-226.88005660049384,0.10892600972607624,-12.267352379711156,19.81158579671319,0.5929068300638448,848.3626338826903,11062.784528730039
122,SPINE_FRAME,2,0.9184401633029775,139.44932574324775,2.58470569288464,-16.311608286371666,63.111894884159256,1.3851789156595624,363.12998581883056,17998.83338739536
123,SPINE_FRAME,2,0.9184401633029775,-392.13336269231513,-3.551112616829016,-18.463784371828297,69.72424537917007,1.6646886922275255,302.15859718908405,6400.692771471055
124,SPINE_FRAME,2,0.9184401633029775,-383.19604660430923,-2.433034342321605,14.936805527740944,-41.95382165597516,1.1060262029770875,454.7812688759781,6549.976708473468
125,SPINE_FRAME,2,0.9184401633029775,117.79762591293547,-0.10910157916529784,10.677317004774523,19.842487595527814,0.5170948678133861,972.7422013043982,21307.094778738843
126,SPINE_FRAME,2,0.9184401633029775,-248.5694635947002,-2.5835726784960613,6.613112243294381,63.14446269778136,1.4115611692736927,356.3430412716826,10097.479970950275
127,SPINE_FRAME,2,0.9184401633029775,501.3113317815587,3.5442933738361546,4.466983241055004,69.75829957930819,1.6804644475825534,299.32201227083084,5006.719419482449
128,SPINE_FRAME,2,0.9184401633029775,492.33727128553437,2.4290067590460467,-7.96742068675303,-41.97278168054959,1.1301027932896992,445.09225442738745,5097.979223640151
129,SPINE_LONGERON,1,2.5,16975.678417648553,11.640027240909756,-244.29510640134612,-46.63782720630297,8.15709378347148,61.66411878446423,57.48357711017703
130,SPINE_DIAGONAL,3,2.6633686064020505,1696.0157345618136,2.093032623579222,-25.339055939510825,-1.0793171322464445,2.7104178483922956,185.580241916706,58.89524193877309
131,SPINE_LONGERON,1,2.5,13886.769296498242,11.173499610793542,-250.73419240075955,-104.00706380109386,7.30411571502914,68.8652835777251,70.26995973530985
132,SPINE_DIAGONAL,3,2.6633686064020505,432.7694184013526,2.0920633528049173,-28.05761951039659,-8.672710075244595,1.7222262867627292,292.06382684211013,230.80941668190616
133,SPINE_LONGERON,1,2.5,4400.553431731496,10.178123026493708,-193.37289595956258,-140.39679964519382,3.7350061896046918,134.67179824225053,221.74999905284852
134,SPINE_DIAGONAL,3,2.6633686064020505,-985.0225987586382,1.480738276293549,-23.041459870710497,-14.232053083896687,2.1293987768685723,236.21691036175767,101.40605621116265
135,SPINE_LONGERON,1,2.5,-5926.757567413639,9.244642904671721,-135.80139636549347,-104.2178461717931,3.6314501663920127,138.51215821577696,164.64697741033217
136,SPINE_DIAGONAL,3,2.6633686064020505,-1726.673888680758,0.6193815718250013,-16.99681826341721,-11.441031165281743,2.5186591870119086,199.70943373118695,57.8495207889554
137,SPINE_LONGERON,1,2.5,-11045.233047742964,8.921999332930335,-142.04280525645189,-46.660490458608365,5.193288449954575,96.85577930962022,88.3478614801951
138,SPINE_DIAGONAL,3,2.6633686064020505,-1358.0184501757976,0.012132034395458291,-16.052815557036126,-6.310493773724602,2.0318000674734478,247.5637283669759,73.55368184140166
139,SPINE_LONGERON,1,2.5,-7957.288871300152,9.394045099981508,-178.41384005748807,-31.72700799180984,4.423941583457493,113.69951219086504,122.63256180606996
140,SPINE_DIAGONAL,3,2.6633686064020505,-94.69998100226803,0.013581577022352853,-17.933513000389645,-5.340222814820663,0.9285828303358601,541.685656429884,1054.7758928968708
141,SPINE_LONGERON,1,2.5,1529.0621133446748,10.379855592755716,-193.34760295480925,-38.158293931162916,2.357563355563735,213.35587814127854,638.1838322996254
142,SPINE_DIAGONAL,3,2.6633686064020505,-1322.9786001408938,-0.6234955096107111,-19.142849294253697,3.7290085435977858,2.1008197585042856,239.4303452087291,75.5017934593547
143,SPINE_LONGERON,1,2.5,11856.791630627136,11.306740137853971,-208.08735450970738,-31.911058477481674,6.0393642314987925,83.2869124495858,82.30073950172428
144,SPINE_DIAGONAL,3,2.6633686064020505,-2065.052013458335,-1.484486959938059,-20.64759993229027,5.513104229899795,2.8718813632580344,175.14651072820314,48.370334678254984
145,SPINE_FRAME,2,0.9184401633029775,-466.63967225159286,2.919889951125242,8.403727477676512,44.17411738352689,1.1612008710668964,433.17225514811236,5378.722233209719
146,SPINE_FRAME,2,0.9184401633029775,-454.38880336191505,4.30577857108905,5.457854357888209,72.44507672582995,1.7101303225270086,294.12963057501486,5523.73905665588
147,SPINE_FRAME,2,0.9184401633029775,207.9652972058393,-3.1578161093813435,7.611408652456703,66.17231645229874,1.4519518407454617,346.4302230174174,12068.961570800306
148,SPINE_FRAME,2,0.9184401633029775,-128.3129953382886,-0.15018804368082783,-11.286279660602304,-21.714403510001375,0.5618136647718793,895.3146417402286,19560.9585250511
149,SPINE_FRAME,2,0.9184401633029775,357.4118116010213,-2.9570376113715895,-15.13670947214996,43.81220016472139,1.128609306541668,445.6812442397039,7022.502051049078
150,SPINE_FRAME,2,0.9184401633029775,345.22384120780043,-4.342183890214557,-18.082394673074305,72.07253710613293,1.6829612303257524,298.877948544685,7270.428285764136
151,SPINE_FRAME,2,0.9184401633029775,-98.74152066884562,3.1930942405952862,-15.925699119355158,65.85932008189297,1.4145785370365158,355.58294349196365,25419.146505298417
152,SPINE_FRAME,2,0.9184401633029775,237.51779318478657,0.18550032721000775,12.250735450314096,-21.3747165982802,0.6255626387582258,804.0761529468591,10567.314332045184
153,SPINE_LONGERON,1,2.5,15779.77888289615,-12.13385381923345,226.71142924332673,-51.55676971191497,7.59476578685662,66.2298238176724,61.84007561577254
154,SPINE_DIAGONAL,3,2.6633686064020505,1579.3705879824265,-1.8471203240143197,23.86412809342849,-1.046879917631486,2.5359902731209534,198.3446093351832,63.244977321367855
155,SPINE_LONGERON,1,2.5,11049.829724877534,-11.873246893857885,192.95755261671502,-33.776331841032516,5.625711495754386,89.41091280269247,88.31110918582809
156,SPINE_DIAGONAL,3,2.6633686064020505,-1965.2363002294442,1.502849860332387,18.16705741229974,3.708131540239151,2.652426560305935,189.63767273616168,50.82709748813514
157,SPINE_LONGERON,1,2.5,1584.613395656037,-11.035224483761203,175.13003047827857,-37.82595056813898,2.21077001855135,227.52253548725096,615.8112268857059
158,SPINE_DIAGONAL,3,2.6633686064020505,1298.8754755033733,-0.9310983480311343,16.067726900979554,-5.341728586200588,1.9631958521599584,256.214885257926,76.90287398818822
159,SPINE_LONGERON,1,2.5,-7072.442083869253,-10.121062162318154,158.16678170824886,-34.65996104872647,3.9402308626041873,127.6574945833392,137.97535670799118
160,SPINE_DIAGONAL,3,2.6633686064020505,-29.26105661762631,-0.4687253326557945,16.54993211562106,-5.872413993310943,0.8165135877711368,616.0338389138816,3413.6585812425437
161,SPINE_LONGERON,1,2.5,-9849.28233946106,-9.670676157933048,125.30366801236103,-51.6716502774716,4.651765990207293,108.13097672129143,99.07551491430434
162,SPINE_DIAGONAL,3,2.6633686064020505,-1241.2822027313232,-0.38232501620231574,14.57040941654379,-6.0691735223339265,1.8580127399058852,270.7193493331368,80.47102971362321
163,SPINE_LONGERON,1,2.5,-5120.316255903468,-9.9327262585064,121.32613221128884,-105.55590457481958,3.2576413309515146,154.4061942058797,190.57860306839325
164,SPINE_DIAGONAL,3,2.6633686064020505,-1627.303090726913,-0.7274213001513352,14.636012971404767,-11.27979821162296,2.336409477641133,215.28760468299197,61.38208523549509
165,SPINE_LONGERON,1,2.5,4345.583285155968,-10.771257493128383,175.25623083073728,-139.23720626742124,3.575770945712462,140.6689655563994,224.55506091708588
166,SPINE_DIAGONAL,3,2.6633686064020505,-961.0249335280096,-1.298287720517926,20.670467438760113,-14.85108748139487,2.0337799063498636,247.3227306600554,103.9382575145983
167,SPINE_LONGERON,1,2.5,13002.434625224865,-11.687494811670343,229.95182377815627,-106.29740522262091,6.831384130090472,73.63075921677654,75.04923096674233
168,SPINE_DIAGONAL,3,2.6633686064020505,367.278145866444,-1.7616471779722271,26.5249769726711,-9.350427405984192,1.6053182654158655,313.333505782852,271.9662417793481
169,SPINE_FRAME,2,0.9184401633029775,247.3580401003128,1.2411713551193202,-10.286287505303335,-4.480782703228215,0.3625807730097142,1387.2770909077512,10146.931868555685
170,SPINE_FRAME,2,0.9184401633029775,218.9166173238773,0.5072212355993173,-11.520313930078373,34.86975817078758,0.8576985319481544,586.45314322446,11465.210867588079
171,SPINE_FRAME,2,0.9184401633029775,511.2063806853257,2.09530530465301,-10.968872988135445,47.781578015221385,1.266668724654358,397.1046179712506,4909.808004885465
172,SPINE_FRAME,2,0.9184401633029775,-456.93704391864594,-2.494213454492723,7.666249753438024,-32.72003985686797,0.9279117072444178,542.0774369726823,5492.934340609538
173,SPINE_FRAME,2,0.9184401633029775,89.27509698166978,1.5733109869743203,3.9840370863239514,3.525554033969456,0.15848275633018166,3173.8468691953713,28114.505219217896
174,SPINE_FRAME,2,0.9184401633029775,-377.8594480091706,-0.2362329003171908,1.6296001827877262,37.70342573055022,0.966006996454072,520.7001624691801,6642.483582880858
175,SPINE_FRAME,2,0.9184401633029775,-669.3156439040322,-1.7625687953144933,2.5431374457075435,50.561341347906364,1.3861138140697513,362.8850639062228,3749.987323465604
176,SPINE_FRAME,2,0.9184401633029775,615.9069077996537,2.222900103948348,-5.4857110871962504,-35.76183527373996,1.0672211289098508,471.31750522387654,4075.169718430539
177,SPINE_LONGERON,1,1.0,15045.534517892404,4.263156128272346,-197.09807817707906,-7.874079255212564,7.014130314043992,71.71238307233497,405.36226801962556
178,SPINE_DIAGONAL,3,1.357767407757308,-1347.038763737597,-1.0687710696044057,-19.18299235273355,9.375637762682345,2.2064297711151166,227.9700929460296,285.3262885465522
179,SPINE_LONGERON,1,1.0,11981.986777323822,3.036975815463652,-199.82300761707938,-50.4550214947958,6.040779331037101,83.26740184261014,509.00506811464004
180,SPINE_DIAGONAL,3,1.357767407757308,629.3377325481852,0.7457728436029036,-19.969196000397574,-7.600438165892228,1.5428873284856381,326.0121401694966,610.7143289015444
181,SPINE_LONGERON,1,1.0,3656.9701004237722,0.7397585436790557,-157.18581658893197,-81.13033041454764,2.9017402145845814,173.34425648162664,1667.744561278662
182,SPINE_DIAGONAL,3,1.357767407757308,-360.67234427965013,0.024474790938835866,-10.599690945696125,-8.863268965273164,0.9547127348809744,526.86005080126,1065.6363790609328
183,SPINE_LONGERON,1,1.0,-5050.552713059966,-1.25770181922341,-107.16395060005107,-58.6173150294926,2.873707899966743,175.0351871203824,1207.5692191014293
184,SPINE_DIAGONAL,3,1.357767407757308,1047.1498096087598,0.6537813367998666,-6.93757721119465,3.9723109381807262,1.3284779129616797,378.62880149706274,367.0397181556908
185,SPINE_LONGERON,1,1.0,-9042.24056051264,-1.9032896519073503,-101.72049094741169,-8.532056147967523,4.062521699976668,123.81472325498935,674.4890223750758
186,SPINE_DIAGONAL,3,1.357767407757308,1023.9436688999122,0.9023988774330611,-10.97450296523732,5.445879955454529,1.498498001562835,335.66944999286216,375.35812043108916
187,SPINE_LONGERON,1,1.0,-5977.423207811225,-0.6137445308252687,-131.6745159678037,16.2483758281669,3.290692668788335,152.8553561901633,1020.3212628094442
188,SPINE_DIAGONAL,3,1.357767407757308,-308.8338344923686,-0.5760155335405877,-12.16652945859596,-2.7678234099053043,0.8468338798250087,593.9771801571529,1244.5060354780585
189,SPINE_LONGERON,1,1.0,2345.9878155474144,1.6196688761374212,-156.53250751460394,14.244170371574,2.2672024775483663,221.85932001270473,2599.7117100615924
190,SPINE_DIAGONAL,3,1.357767407757308,683.732910917839,0.14224629540988687,-8.180694760663528,-0.013675958304247615,1.0003492966805707,502.824365118354,562.1282299686895
191,SPINE_LONGERON,1,1.0,11055.267557944113,3.678801296981856,-173.86818164221927,9.528377115537296,5.4248497283881525,92.72146237854462,551.6729435786361
192,SPINE_DIAGONAL,3,1.357767407757308,-1367.780348422064,-0.8233244411713834,-10.25180637713629,12.461747963279777,1.9911199404069606,252.62164764277983,280.99948316188613
193,SPINE_FRAME,2,0.9184401633029775,-720.7915802515345,0.13068949628714677,1.4178840887034312,9.311767076977503,0.5879153418346437,855.5653581523192,3482.1788278401514
194,SPINE_FRAME,2,0.9184401633029775,-697.2639952236786,0.48419942290745155,-1.6690971874086244,25.34392352012742,0.895388352898605,561.7674145209263,3599.677019365051
195,SPINE_FRAME,2,0.9184401633029775,312.5246465119999,-0.6311901927744827,-1.4811749521713864,26.08963860339172,0.6971464250780995,721.5127007839855,8031.127170448511
196,SPINE_FRAME,2,0.9184401633029775,-205.60948296275456,-0.4480080872232861,-1.5806062559931888,-11.876465928871767,0.3541815786266389,1420.1754985406462,12207.244256783637
197,SPINE_FRAME,2,0.9184401633029775,556.2548170955852,0.07882640550664632,-5.2578271652892,11.272795564981607,0.5573835475126027,902.430655236782,4512.1859674718835
198,SPINE_FRAME,2,0.9184401633029775,531.3006257554516,-0.29565495161136823,-9.336393831477835,27.319244493747306,0.8731128409914701,576.0996475882938,4724.114857701322
199,SPINE_FRAME,2,0.9184401633029775,147.979957211297,-0.4210059366088217,-9.264095257211011,27.932916319516153,0.6721388237239675,748.3573069223136,16961.250883817174
200,SPINE_FRAME,2,0.9184401633029775,371.6099943233421,0.258948823136393,6.144195089273126,-13.757989396437097,0.5079074624955457,990.337880700879,6754.191809635303
201,SPINE_LONGERON,1,1.5,-14377.045995446533,7.060585694971433,194.74766757270083,45.802769492300285,6.810041553647747,73.86151700213516,188.5379420523538
202,SPINE_DIAGONAL,3,1.7588440333264348,-1281.0239562742063,1.9430931292566491,18.844581764631357,7.362559286705618,2.0959917863446527,239.98185645432184,178.79720633722755
203,SPINE_LONGERON,1,1.5,-10414.495733658609,6.32394421215281,153.8207067960867,66.93347303908376,5.145090397406791,97.76310252070988,260.2736353343615
204,SPINE_DIAGONAL,3,1.7588440333264348,-1488.1951871922356,0.8658276708927612,13.739567305500913,9.90460498421885,2.138534963239327,235.2077514028974,153.90689783443335
205,SPINE_LONGERON,1,1.5,-2101.8193147933052,4.846432911513919,132.54724189682855,55.128216884662834,2.0569502224322713,244.53678777176253,1289.6535138369343
206,SPINE_DIAGONAL,3,1.7588440333264348,-912.369154985412,-0.46865353036236623,10.536270225259841,6.276966011446802,1.395542730737719,360.4332486000637,251.04257786592208
207,SPINE_LONGERON,1,1.5,5689.573533711387,3.4947645279495703,124.00837532206594,54.67385636130348,3.218130647011041,156.30192032979767,476.4186012735035
208,SPINE_DIAGONAL,3,1.7588440333264348,-105.11263029614929,1.2801544193958136,9.761297011398426,-4.523329169876888,0.5829077820133588,862.9152252224907,2179.0293325128755
209,SPINE_LONGERON,1,1.5,8397.66025133757,2.981975369273407,95.34622933912536,45.987610096901335,3.8755982987169797,129.7864126337651,322.78260654112313
210,SPINE_DIAGONAL,3,1.7588440333264348,-972.4083033595234,1.1009834362750581,10.690997449488918,-3.6932527032145117,1.4087841626030326,357.04546754032145,235.54252245849835
211,SPINE_LONGERON,1,1.5,-4433.948833037211,-3.755451964806582,86.77460320401747,-78.40850073372349,2.6132182222669083,192.48296820908388,611.3328698285353
212,SPINE_DIAGONAL,3,1.7588440333264348,-1177.1510328763397,0.021449734360696304,10.392462282619817,-6.08354576216766,1.6304459978112356,308.5045445695496,194.57444137242834
213,SPINE_LONGERON,1,1.5,3877.4162702690373,-5.196119368047732,127.69864165374963,-113.12023936314654,2.9195700098684965,172.28564422151197,699.0785811566849
214,SPINE_DIAGONAL,3,1.7588440333264348,-603.8533227581647,-1.3106507564594416,13.311022082267584,-10.22168378504648,1.3140164234089584,382.79582434370565,379.30321155924105
215,SPINE_LONGERON,1,1.5,11670.284471044695,-6.585862728751234,182.30436504937734,-92.77652247410515,5.9192891755924,84.97641947855334,232.2667173622783
216,SPINE_DIAGONAL,3,1.7588440333264348,416.16289772905293,-2.124160831939406,19.025466104533038,-7.660361533960895,1.3094584728576062,384.12825639465507,550.3698332618106
217,SPINE_FRAME,2,0.9184401633029775,-284.80707277392503,0.9839411808288503,-9.444727985224745,21.786075166592582,0.6340885943506513,793.2645445469733,8812.720679972981
218,SPINE_FRAME,2,0.9184401633029775,46.1627722911071,2.396307383590681,-12.225623540389279,51.157856226040735,1.0811806974541784,465.23213111776596,54371.19686420688
219,SPINE_FRAME,2,0.9184401633029775,-312.2073105610907,-2.345299144583308,-14.216577736264298,53.532255121383415,1.2842433738278183,391.6703097332379,8039.290225224284
220,SPINE_FRAME,2,0.9184401633029775,-356.3873860138701,-0.9351720068856082,11.813558868831024,-27.344198059541213,0.7948133354501329,632.8529952446407,7042.68803705543
221,SPINE_FRAME,2,0.9184401633029775,153.96138190699276,-1.0870844542500322,8.597157523232454,21.120832188432587,0.5428675444718807,926.5611936505338,16302.303531891985
222,SPINE_FRAME,2,0.9184401633029775,-177.6664947194513,-2.4515659662737477,5.590376106929398,50.43024395066898,1.1167035726676235,450.43287431991877,14127.172284232312
223,SPINE_FRAME,2,0.9184401633029775,443.0433469589334,2.4485915140781884,3.832249472843614,52.739683176022595,1.3063995984805603,385.0276749817026,5665.190996017798
224,SPINE_FRAME,2,0.9184401633029775,487.9194152324926,0.9903621319377294,-6.000772081410105,-26.47723622006515,0.814734008986386,617.3794078214366,5144.138768983736
225,SPINE_LONGERON,1,2.5,13345.35366264722,12.232918761892105,-189.69634905266008,-63.06956310979331,6.453704789030754,77.93972864314154,73.12078375635208
226,SPINE_DIAGONAL,3,2.6633686064020505,1387.109994420709,1.82796996137301,-19.750238617554345,-2.635341205255827,2.1801761729060196,230.71530009867817,72.01105710488326
227,SPINE_LONGERON,1,2.5,11250.954127277422,12.000183371856096,-183.43441208140146,-117.30816271990079,5.897754160229123,85.28670174011778,86.73244138047201
228,SPINE_DIAGONAL,3,2.6633686064020505,206.05319325619348,1.8484647508091268,-21.196301761717923,-10.146621612789659,1.2488792309094745,402.7611217729188,484.7644214607754
229,SPINE_LONGERON,1,2.5,4303.611097916593,11.310135955542618,-129.05981709939314,-140.48318927573746,3.254590238487225,154.55094593837435,226.74509780655387
230,SPINE_DIAGONAL,3,2.6633686064020505,-996.5757799486746,1.460403797213799,-15.965247333476356,-14.46074696341202,1.8911022166734075,265.98244958160706,100.2304681979411
231,SPINE_LONGERON,1,2.5,-3428.7650875876134,10.584245079213698,-85.05124489799698,-106.93526686595578,2.450941749228266,205.22723567721707,284.59888455205635
232,SPINE_DIAGONAL,3,2.6633686064020505,-1516.4367847315152,0.8902734447724638,-11.194697271924547,-11.66107261967818,2.1299607847046547,236.15458256887447,65.8697138085245
233,SPINE_LONGERON,1,2.5,-7414.92863929212,10.257532146985568,-89.16140743601294,-62.78715704000933,3.5675742526853944,140.99216004302656,131.60244242237607
234,SPINE_DIAGONAL,3,2.6633686064020505,-1048.8569603062206,0.47299014206904744,-10.612489918710395,-7.752072724559639,1.561285266194376,322.1704648671025,95.2343940110015
235,SPINE_LONGERON,1,2.5,-5321.660904063065,10.492463064888575,-112.47993079330699,-46.06908603987358,2.962724019291872,169.776191344418,183.36807566476705
236,SPINE_DIAGONAL,3,2.6633686064020505,132.12335628366418,0.4526566668524392,-11.249118099311424,-6.85362253370613,0.7144808119293375,704.0077096566547,756.0151348602556
237,SPINE_LONGERON,1,2.5,1626.6941653017566,11.181559075405723,-129.34054572555465,-39.949667761271485,1.8191526508369624,276.50235936416766,599.8808750490911
238,SPINE_DIAGONAL,3,2.6633686064020505,-1334.8007854297466,-0.8408468785827186,-12.428441126767105,0.4884698670201715,1.7944138793716873,280.3143721648682,74.83308229162056
239,SPINE_LONGERON,1,2.5,9358.07483312214,11.909031366681031,-156.29104740277296,-35.98383277565881,4.713449316228682,106.71590299446767,104.27601154295368
240,SPINE_DIAGONAL,3,2.6633686064020505,-1854.6753346485493,-1.4109177004693323,-15.138027491322024,2.62891460063463,2.4073195614239125,208.946085953989,53.85700405505854
241,SPINE_FRAME,2,0.9184401633029775,-478.03323064697906,1.8491851644437247,6.311576250893268,33.73013502476715,0.953346706724774,527.6149762220906,5250.524480568766
242,SPINE_FRAME,2,0.9184401633029775,543.2228315658867,-1.8216075237364748,3.7702485003264883,49.49823142542914,1.2966326786230533,387.9279061007132,4620.433888616689
243,SPINE_FRAME,2,0.9184401633029775,337.4097577552311,-0.6978681827793451,2.732252173100278,39.418806587481924,0.9792725933052394,513.6465611707514,7438.804368716943
244,SPINE_FRAME,2,0.9184401633029775,-20.529497106792405,0.9762957365386171,-4.408755391392333,-6.967325949919768,0.17752501252311967,2833.4035460749096,122259.45754934751
245,SPINE_FRAME,2,0.9184401633029775,319.26245864096563,-2.1068326178377106,-7.14160098229695,30.805860796199568,0.81173713207609,619.6587295612962,7861.635817507552
246,SPINE_FRAME,2,0.9184401633029775,-385.40462974691764,2.141652109467927,-10.046418948677456,46.85308394836011,1.1749058781756307,428.11940032255853,6512.4416945523535
247,SPINE_FRAME,2,0.9184401633029775,-178.6433176845312,0.9558091987772457,-10.713767767765603,36.702760076650975,0.8658194166160512,580.9525523993372,14049.924803062891
248,SPINE_FRAME,2,0.9184401633029775,178.35470619192347,-0.6563321878206807,9.404982551866851,-4.322249235604886,0.3065207370507779,1640.9982725464786,14072.660226506527
249,SPINE_LONGERON,1,1.0,12584.213932352432,-3.476589649052517,167.1168051575206,3.09890608866408,5.886720331343205,85.44655966104436,484.6462423895182
250,SPINE_DIAGONAL,3,1.357767407757308,1178.1191223749775,-0.721045645685237,16.889580648741003,7.176862450633962,1.915092246390818,262.65053338707503,326.2365949979489
251,SPINE_LONGERON,1,1.0,-9312.08690706268,3.150534736890812,129.7884004497429,55.99744085026032,4.52009308203287,111.28089419206836,654.9436293506637
252,SPINE_DIAGONAL,3,1.357767407757308,-1305.034941439866,0.5771246450468475,8.544175473280006,11.31492516026492,1.8449312676088832,272.638882993138,294.5097934017995
253,SPINE_LONGERON,1,1.0,2342.4112774397945,-1.6281000104045233,122.98463463598796,20.330770526081324,1.9640634855378623,256.10170124528975,2603.681110349839
254,SPINE_DIAGONAL,3,1.357767407757308,-764.0585814175429,0.13964273059608523,4.775112081029079,4.977568807516491,1.0170124495472657,494.58588262505145,503.03154801627346
255,SPINE_LONGERON,1,1.0,-4239.508505994745,0.10937895231906403,102.40587539888769,22.94148267667333,2.4346017735505754,206.6046305661047,1438.584681954637
256,SPINE_DIAGONAL,3,1.357767407757308,-132.8094739805092,0.3337668113721861,8.935887527880823,-1.4332355929072946,0.5297858876962283,949.4401638127687,2893.962000346377
257,SPINE_LONGERON,1,1.0,-6580.694324609998,1.2140300129464148,71.8914992843309,2.4273099737183657,2.934709656513869,171.39685313793936,926.7854871988567
258,SPINE_DIAGONAL,3,1.357767407757308,-855.2705936008133,0.5607484827371394,8.765776826283627,2.9414364855665553,1.207141337183983,416.68691519867707,449.3847606374889
259,SPINE_LONGERON,1,1.0,-3307.2650984299544,0.8258620659039568,73.09557492338362,-48.187939209485194,1.9520066925749555,257.68354274261037,1844.0892442023269
260,SPINE_DIAGONAL,3,1.357767407757308,984.9855520769488,-0.41360401338151576,5.222901848454626,2.8309361098777117,1.1785307122332642,426.80262362177814,390.20427271765584
261,SPINE_LONGERON,1,1.0,3661.0737287551165,-0.6338435037263661,123.65602305594012,-74.89445812370104,2.603146098664977,193.22772558096662,1665.8752179280064
262,SPINE_DIAGONAL,3,1.357767407757308,-441.2413715387229,-0.020675308843729923,8.357652759420716,-7.27815838331253,0.9063668475520541,554.9629284858765,871.0551543371195
263,SPINE_LONGERON,1,1.0,10244.370404094108,-2.4336895602750843,170.45431681399398,-43.64930973168521,5.162402207951287,97.43525973727198,595.3408316145069
264,SPINE_DIAGONAL,3,1.357767407757308,452.8572569444368,-0.4970384105075638,16.714079773861044,-6.279693260437853,1.221634384431184,411.7434859482989,848.712403504095
265,SPINE_FRAME,2,0.9184401633029775,-333.0038403852377,0.21055146037105033,-5.543438718992547,12.684281171787006,0.46196552295158255,1088.8258430764283,7537.225928486936
266,SPINE_FRAME,2,0.9184401633029775,-79.82267903583124,-0.4184506707355524,-7.976634019410994,27.438228740393697,0.6172663271194786,814.8832649713596,31443.760223966798
267,SPINE_FRAME,2,0.9184401633029775,-396.2162758875638,-0.33872443003478736,-8.287276118868249,27.83894225387988,0.8018626545282825,627.2894705339575,6334.735175668534
268,SPINE_FRAME,2,0.9184401633029775,-433.315057402011,0.016054910935793032,5.046178491207684,-12.506704997267207,0.5103349964191061,985.6270950050969,5792.379325763283
269,SPINE_FRAME,2,0.9184401633029775,166.7841091749724,-0.4042949154562052,2.18943735938592,10.751373807976279,0.3124443081745989,1609.8869041292169,15048.946763892167
270,SPINE_FRAME,2,0.9184401633029775,-244.58068219246343,-0.6322269380601,-0.4395641404134949,25.73015213439416,0.6515637147670166,771.9889683848656,10262.156264909952
271,SPINE_FRAME,2,0.9184401633029775,562.4299026033841,0.5325450076834812,-0.6095568743658077,25.821237581566947,0.8293741081159284,606.4814359139502,4462.64533307948
272,SPINE_FRAME,2,0.9184401633029775,598.0825770827942,0.19776291669714396,-1.634962746880774,-10.508948462344051,0.5443837610343012,923.9805372671767,4196.619791667804
273,SPINE_LONGERON,1,1.5,-11917.29790078156,-6.678152627172767,-162.67458199579653,33.25627224826894,5.646892639981062,89.07553801158984,227.45245502302635
274,SPINE_DIAGONAL,3,1.7588440333264348,-1125.038731291861,-1.6500087410645818,-15.750237868317527,6.0168388493257225,1.799916376270602,279.4574273734916,203.58721727729716
275,SPINE_LONGERON,1,1.5,9925.639431382733,6.37831276922987,-151.73764039387692,-85.8829741276495,5.037994373706387,99.84131832802136,273.0925985688269
276,SPINE_DIAGONAL,3,1.7588440333264348,268.7532884313696,1.792943192603623,-15.865763797982822,-6.7237333842576845,1.0254976030914769,490.4935891450652,852.2444728760248
277,SPINE_LONGERON,1,1.5,3869.4923083230897,5.310814028551701,-100.1977438150056,-106.4931625098543,2.6906128572812866,186.9462559947228,700.51015709299
278,SPINE_DIAGONAL,3,1.7588440333264348,-655.854219446308,1.1373523048933496,-10.827944850122037,-9.2428374070887,1.2474809164739562,403.21258093610373,349.22929187869875
279,SPINE_LONGERON,1,1.5,-2700.516978513435,4.1530487958028965,-58.99210976021692,-74.8605419451851,1.8153205255759932,277.0860533515977,1003.7406490462614
280,SPINE_DIAGONAL,3,1.7588440333264348,-1103.3613436686574,0.06671339995919823,-7.949606120882493,-6.047434825235996,1.469868171727978,342.20755961309976,207.58703025730912
281,SPINE_LONGERON,1,1.5,5938.797461226757,-3.4733923397911197,-62.97561804669668,33.54943662801816,2.708346540870647,185.72217122492071,456.42551079921833
282,SPINE_DIAGONAL,3,1.7588440333264348,-815.55799325509,-0.7989441805107376,-7.570815251267561,-3.807353657843578,1.1359333407541503,442.80767361406646,280.8426948508255
283,SPINE_LONGERON,1,1.5,3945.513873699383,-3.8113943119008895,-90.05905371453869,46.87642623490683,2.3018215322290128,218.52258872255416,687.0128331932591
284,SPINE_DIAGONAL,3,1.7588440333264348,42.8958940191078,-0.9397782705616677,-6.596142438040488,-3.5713773532997948,0.3785749782295131,1328.6667870982576,5339.520480232079
285,SPINE_LONGERON,1,1.5,-2108.9819934639672,-4.840902927969582,-103.26875558081456,48.99698914941837,1.7879482673678997,281.3280502463775,1285.273498386479
286,SPINE_DIAGONAL,3,1.7588440333264348,-965.3286631111987,0.2861293888428662,-7.7818493459182605,5.906138108142841,1.3323431193144042,377.5303769038363,237.269971757284
287,SPINE_LONGERON,1,1.5,-8680.645264420658,-6.0369212170720195,-126.29487598772916,56.17018980344437,4.273711735289027,117.69628630930173,312.2600431425911
288,SPINE_DIAGONAL,3,1.7588440333264348,-1415.0262286665966,-0.7864950472917851,-11.162701670985712,8.704617129211783,1.9457747193587058,258.50885767792283,161.8652007947036
289,SPINE_FRAME,2,0.9184401633029775,-384.6829658106435,0.8314283229352952,6.460495920811809,25.939103149317816,0.7491753012178374,671.40494245117,6524.659013034711
290,SPINE_FRAME,2,0.9184401633029775,-362.2990501681343,2.0204717179884426,4.670062344364851,50.809165440461356,1.2243029339752705,410.84603004811555,6927.7719024450735
291,SPINE_FRAME,2,0.9184401633029775,166.6726416903548,-2.0160529681793378,5.934886984769037,47.70488639500838,1.0569106853473804,475.9153322730164,15059.011212531745
292,SPINE_FRAME,2,0.9184401633029775,-88.67424731422216,-0.9072032070633611,-8.313928524876246,-18.558576544538255,0.4571791603709279,1100.2251274793362,28305.006876949046
293,SPINE_FRAME,2,0.9184401633029775,253.11091650044546,-0.7434879383961288,-10.800239409240021,27.12633136220711,0.7257644447665087,693.0623339668066,9916.30552620958
294,SPINE_FRAME,2,0.9184401633029775,231.32529570581391,-1.8846887470935343,-12.816908861099364,51.93969810800596,1.2013631316367095,418.69105747795373,10850.197650797843
295,SPINE_FRAME,2,0.9184401633029775,-35.09982939204201,1.9282381624619518,-11.324012654386024,48.723869282097894,1.0231450257510661,491.6214098101682,71508.18746162909
296,SPINE_FRAME,2,0.9184401633029775,219.65370917646214,0.7714143906696904,9.173012075119914,-19.530842174993722,0.5544844747747135,907.1489336186886,11426.737064662779
297,SPINE_LONGERON,1,2.5,10873.942067692085,-11.415015416202943,156.7898434586347,-49.160955388655566,5.272017360640425,95.40939750223004,89.73955473036466
298,SPINE_DIAGONAL,3,2.6633686064020505,1268.345084267814,-1.7831486895884279,15.733934950212543,-2.0193900863828276,1.8878256348745246,266.44409881288226,78.75400650655462
299,SPINE_LONGERON,1,2.5,7573.719145224546,-11.130621054576348,122.53324705617048,-26.52375239824505,3.7738784522094946,133.28463181041465,128.84326717260882
300,SPINE_DIAGONAL,3,2.6633686064020505,-1853.183604069578,1.2963387625425957,12.436969387689956,3.0471839702049692,2.2908252033072443,219.5715322469053,53.90035655378791
301,SPINE_LONGERON,1,2.5,1573.8913983221682,-10.558825663112493,100.07213764359318,-31.069266883467208,1.5172116226591845,331.5292293361177,620.0063869455892
302,SPINE_DIAGONAL,3,2.6633686064020505,-1451.7168092296051,0.689107155848312,10.182993792993308,2.5975196217007124,1.8158051059544296,277.0121079352354,68.80629636849903
303,SPINE_LONGERON,1,2.5,-3611.681307072329,-10.039482170303497,83.60741457825064,-32.50080090269876,2.078407925987588,242.01216407553477,270.18516761366243
304,SPINE_DIAGONAL,3,2.6633686064020505,299.1475182277936,-0.3161065760909363,7.228018097920533,-5.016929160369955,0.6723481210833383,748.124348424635,333.9063536636872
305,SPINE_LONGERON,1,2.5,-4944.614118913887,-9.882391048771852,55.32836043633073,-48.78523204927296,2.389406392416661,210.51253633387267,197.35063158635595
306,SPINE_DIAGONAL,3,2.6633686064020505,-929.3862341159402,-0.39836526700028685,6.589779815966892,-7.346111131366797,1.3035953093625265,385.8559450064092,107.47658331091992
307,SPINE_LONGERON,1,2.5,-1644.8290787203878,-10.16674833282281,50.5831031679186,-98.07603717311213,1.5930526241921354,315.74600384282974,593.2669430173379
308,SPINE_DIAGONAL,3,2.6633686064020505,-1514.2384830500232,-0.8843696002698658,8.458670810088165,-11.219594235379873,2.0329313676198866,247.42596233777527,65.96534042496936
309,SPINE_LONGERON,1,2.5,4355.4327278358105,-10.738361289127552,99.69667716932751,-132.53083071538822,3.041044888699061,165.40367485834125,224.04724864235232
310,SPINE_DIAGONAL,3,2.6633686064020505,-1112.7662998438464,-1.4923993748763653,13.33710032949243,-12.617619562547361,1.8557121151786435,271.0549744681587,89.76481138312786
311,SPINE_LONGERON,1,2.5,9540.579295005737,-11.257573002961617,155.15980988835761,-104.45104187371908,5.0236468075504765,100.12646574675541,102.28128598326187
312,SPINE_DIAGONAL,3,2.6633686064020505,39.79670091102889,-1.864518598561018,17.334629326450376,-8.1751415253309,0.9011070803720899,558.2022502722969,2509.93812884882
313,SPINE_FRAME,2,0.9184401633029775,-128.7395903391298,0.6141845644176556,-12.177936200925615,21.942778715978875,0.5746412339900456,875.3287620997859,19496.140801952348
314,SPINE_FRAME,2,0.9184401633029775,45.734459112398326,3.189117741043489,-14.086206338355623,64.9602321458517,1.3594550896299797,370.00118932719425,54880.39497458304
315,SPINE_FRAME,2,0.9184401633029775,-161.44007986225188,-3.892346649008644,-14.968245667445444,71.63055517027838,1.5583665314551927,322.7738724151768,15547.100708689704
316,SPINE_FRAME,2,0.9184401633029775,-150.55179687868804,-2.3102447024098183,13.169402805826394,-42.53697493925097,0.9771641153462877,514.7548831362343,16671.505967210687
317,SPINE_FRAME,2,0.9184401633029775,19.498606889974326,-0.6281652419219199,11.111512087460142,21.791944679075186,0.5014669078217395,1003.0572150511783,128723.30798811461
318,SPINE_FRAME,2,0.9184401633029775,-154.99675314174965,-3.2046559216862818,9.211267162050717,64.82401235497373,1.3999696829238204,359.2934948058949,16193.404888565177
319,SPINE_FRAME,2,0.9184401633029775,270.679937036708,3.9064165863567837,8.322420015832904,71.4822564344222,1.5944978210742178,315.45982274289184,9272.667961707697
320,SPINE_FRAME,2,0.9184401633029775,259.81578129925765,2.325819161781965,-10.127485816461558,-42.40241231211394,1.0188994155581739,493.66992690288896,9660.403103637454
321,SPINE_LONGERON,1,2.5,9643.865710275451,10.910790884439267,-143.1154834231182,-27.097322136432922,4.675099690817928,107.59128858533455,101.18584690356465
322,SPINE_DIAGONAL,3,2.6633686064020505,1224.1373335397802,1.485645202280402,-14.354373689204024,0.24041317637079374,1.7788721945401367,282.7634281674927,81.59808077264069
323,SPINE_LONGERON,1,2.5,8699.33429818292,10.695902993274261,-150.4204612001035,-84.57529305944263,4.5994729267897405,109.36035672049823,112.17211408030317
324,SPINE_DIAGONAL,3,2.6633686064020505,-36.209288358346384,1.5109663577782406,-16.884639614252777,-6.261657808733844,0.8448959308325029,595.3395934862392,2758.608676051474
325,SPINE_LONGERON,1,2.5,4395.812828893773,10.246763316985417,-92.94034631147277,-121.81881150328627,2.937756691609209,171.21908068039247,221.98914223653125
326,SPINE_DIAGONAL,3,2.6633686064020505,-1176.118938726373,1.268398633124899,-12.45447291746342,-11.572226615889122,1.853008640544643,271.4504341718322,84.92955408672574
327,SPINE_LONGERON,1,2.5,-746.1904104114656,9.825371212921457,-34.522241711210135,-85.50436616260413,1.1157854741789077,450.8035026806128,1307.7395604432638
328,SPINE_DIAGONAL,3,2.6633686064020505,-1528.085790293815,0.8998752644219294,-6.5858696390045,-9.821851795840757,1.945752001020754,258.5118759924816,65.36757141088133
329,SPINE_LONGERON,1,2.5,-3714.118681305292,9.677785503058434,-40.898814773257605,-27.08472423404237,1.7365610637380053,289.6529298643123,262.73331658199055
330,SPINE_DIAGONAL,3,2.6633686064020505,-885.6902648991963,0.6211829740302708,-5.062097549776027,-4.980394725141423,1.1389564962609013,441.63232015560453,112.77899394135545
331,SPINE_LONGERON,1,2.5,-2769.821474714292,9.892414409408092,-78.15302848509592,-12.285390315380937,1.6904028137228697,297.56221175011814,352.3052760716736
332,SPINE_DIAGONAL,3,2.6633686064020505,374.5193384136801,0.5958642651318442,-6.765070582748315,-2.915966362034851,0.6780281841596708,741.8570669350628,266.7078753317999
333,SPINE_LONGERON,1,2.5,1533.9329238092323,10.341926103410977,-92.95300077381951,-19.60212899592443,1.4126737848112008,356.0623870904664,636.1573600592635
334,SPINE_DIAGONAL,3,2.6633686064020505,-1514.5649464748276,-0.8384633722841857,-8.637157073106493,2.3128233375118725,1.803604297788599,278.88600654629664,65.95112164154666
335,SPINE_LONGERON,1,2.5,6675.701091319235,10.763132044195242,-106.81214843145858,-13.236967828968773,3.2999068281088615,152.42854607754592,146.17531641543718
336,SPINE_DIAGONAL,3,2.6633686064020505,-1866.3980384013266,-1.2069765048962102,-10.566004244763718,2.974647790566678,2.2208353004429813,226.4913566078802,53.518732319576884
337,SPINE_FRAME,2,0.9184401633029775,-235.58737414260395,2.2893329200643393,10.014463674764556,41.787472944830824,0.9929612479045239,506.5655896053306,10653.903627781216
338,SPINE_FRAME,2,0.9184401633029775,-238.87077521020547,3.4387570727555783,8.559523837298912,69.66901040567109,1.54106127972292,326.39844152754165,10507.460269380435
339,SPINE_FRAME,2,0.9184401633029775,134.14024895383045,-2.572882189670608,9.454045433481951,62.844838206449495,1.3494883111756732,372.73386944847766,18711.201146653802
340,SPINE_FRAME,2,0.9184401633029775,-17.22559220623225,-0.19969010125714703,-11.13037356553832,-19.73808923485285,0.463980112670809,1084.0981892619939,145709.07925762015
341,SPINE_FRAME,2,0.9184401633029775,126.58749436005019,-2.291405799557026,-12.898090823327948,41.77536649932654,0.9477105505833198,530.7527701262811,19827.5919175587
342,SPINE_FRAME,2,0.9184401633029775,129.8543935888447,-3.4404997722909627,-14.35004394023781,69.6592932527921,1.4993788556729848,335.472251123771,19328.765940600082
343,SPINE_FRAME,2,0.9184401633029775,-25.140224161092192,2.574996359977419,-13.458238297011121,62.81754422374888,1.3030344215570904,386.0220357025786,99837.02468022455
344,SPINE_FRAME,2,0.9184401633029775,126.2426228648983,0.20143244056703224,11.779234175366582,-19.713307526136305,0.530432849742772,948.2821439960302,19881.75723125935
345,SPINE_LONGERON,1,2.5,8415.402426836285,-10.827432141265014,126.47631191839173,-25.960740564343723,4.098430082111037,122.72992095083214,115.95675047061567
346,SPINE_DIAGONAL,3,2.6633686064020505,1149.8933604255144,-1.4770566480681389,12.32963769308887,0.07679612453603113,1.6191769227477506,310.65166068844826,86.86653950416847
347,SPINE_LONGERON,1,2.5,5804.916762945009,-10.721756107205316,91.84850204421286,-12.243341711422545,2.861152201756199,175.80330039459434,168.10279271315585
348,SPINE_DIAGONAL,3,2.6633686064020505,-1837.9461563003133,1.2123741309551477,8.990427423227032,2.398156342066841,2.1193940559439923,237.3319858047636,54.34721614481441
349,SPINE_LONGERON,1,2.5,1530.8765361351543,-10.357889164139882,78.11855005252878,-16.92640629385278,1.2720517116434227,395.4241760739042,637.4274451825013
350,SPINE_DIAGONAL,3,2.6633686064020505,-1548.4141181607265,0.8542054455546646,7.338677541866019,2.428564630833989,1.7804982381383905,282.5051938978128,64.50939438451671
351,SPINE_LONGERON,1,2.5,-1903.164847224718,-9.94920651866316,61.61655217456283,-9.492653071698442,1.2369059971819045,406.6598441158878,512.7368345109243
352,SPINE_DIAGONAL,3,2.6633686064020505,450.82936512505694,-0.6123737176724529,4.759011551166161,-2.3509099520658765,0.6561502418061076,766.5927221415801,221.56333359357802
353,SPINE_LONGERON,1,2.5,-2485.466283006099,-9.735190602191985,24.237931476001258,-26.007084230179316,1.188793089733152,423.11820647688006,392.6115296717039
354,SPINE_DIAGONAL,3,2.6633686064020505,-811.786147091043,-0.6285673953243975,3.047607373875536,-5.1553967563040715,1.0206084064607728,492.84328525598215,123.04626948479016
355,SPINE_LONGERON,1,2.5,124.95769985376683,-9.840897848636741,19.588599336292475,-84.5706554333301,0.8525223637250365,590.0138476158876,7809.224405222218
356,SPINE_DIAGONAL,3,2.6633686064020505,-1499.8752677646116,-0.8932556240442753,5.223648313032456,-9.980692926692427,1.8944626988316722,265.5106380876243,66.59704254464721
357,SPINE_LONGERON,1,2.5,4399.0607243503255,-10.204674026559303,78.16487527280283,-119.16478071425081,2.839479587947064,177.1451367832046,221.82524417472843
358,SPINE_DIAGONAL,3,2.6633686064020505,-1210.3071384585928,-1.2514161454908548,11.104271617610266,-11.015980985834176,1.8235420409283158,275.8367993226722,82.53050308056274
359,SPINE_LONGERON,1,2.5,7833.038379128295,-10.613374291096228,133.94386843597826,-81.75252071673458,4.155891032252182,121.03300979174415,124.57780392326684
360,SPINE_DIAGONAL,3,2.6633686064020505,-112.7588118929416,-1.4932412771854757,14.880488291049062,-5.680936833383839,0.822242327701222,611.741798073396,885.8487894837127
361,SPINE_FRAME,2,0.9184401633029775,-134.34486852702685,0.4641455686045788,-11.800191523623653,21.96657707423219,0.5744899956252115,875.5591982982929,18682.702268843295
362,SPINE_FRAME,2,0.9184401633029775,-7.675890904851258,3.2990627984697625,-13.208113064280042,65.7654708411203,1.3506817615275777,372.40452512746094,326988.1256977005
363,SPINE_FRAME,2,0.9184401633029775,-91.41730752866715,-4.211996447074185,-14.148315695310885,72.10244276971135,1.5259009536128205,329.6413170258955,27455.689167505425
364,SPINE_FRAME,2,0.9184401633029775,-104.89618158130907,-2.668113145146606,13.168763290108473,-43.1731890913652,0.964372013044571,521.5829505586787,23927.707779255998
365,SPINE_FRAME,2,0.9184401633029775,24.855434278491884,-0.428126474790929,11.73504101071012,22.27974969620027,0.5188065402527366,969.5328816690775,100980.9425140179
366,SPINE_FRAME,2,0.9184401633029775,-101.80872221197933,-3.263091623865648,10.328273714483657,66.0794539130298,1.398774964309117,359.60037378023975,24653.34133956951
367,SPINE_FRAME,2,0.9184401633029775,200.90655605401844,4.1759923325146815,9.386998608177237,72.481820773462,1.5785971691382596,318.63733815928646,12492.997885855386
368,SPINE_FRAME,2,0.9184401633029775,214.38086001644842,2.63214817640403,-10.367620367760537,-43.55336946190573,1.01754299658786,494.32800548646725,11707.785759627814
369,SPINE_LONGERON,1,2.5,7202.862043240195,11.303296179194245,-109.57363592529502,-29.891436541700386,3.5367571976440133,142.22067614227802,135.47708028564384
370,SPINE_DIAGONAL,3,2.6633686064020505,1051.4888206646137,1.1745381563074488,-11.078118336519395,0.011224003197185084,1.4715535429145192,341.81562908256245,94.9960237863949
371,SPINE_LONGERON,1,2.5,6934.858083226834,11.204071645231272,-115.53354861364538,-82.71729278401835,3.709039282714019,135.61463270131216,140.71271648350904
372,SPINE_DIAGONAL,3,2.6633686064020505,-161.03883800875337,1.1768978627888398,-13.378985804841435,-6.35968491453832,0.8160617114130311,616.3749542041901,620.2681182632139
373,SPINE_LONGERON,1,2.5,4341.41036671921,10.928437665591732,-62.714830027926276,-118.3754789604427,2.7404712082815963,183.54507738667488,224.77090090331512
374,SPINE_DIAGONAL,3,2.6633686064020505,-1180.249197415833,1.1419412412925505,-8.870268108030999,-11.452493445061918,1.7437087615538847,288.4656033681667,84.6323447943774
375,SPINE_LONGERON,1,2.5,941.6902568227524,10.637826647277429,-6.061968801373588,-86.56177680283508,1.1331000780100573,443.9148930987325,1036.2459548120191
376,SPINE_DIAGONAL,3,2.6633686064020505,-1409.1206375896581,1.0901434417920752,-3.1734438960186253,-9.731879202235632,1.7644397969978258,285.07631762548584,70.88623525509074
377,SPINE_LONGERON,1,2.5,-1272.7577573347808,10.502458122193495,-8.177457613566549,-29.916039408763027,0.7312227174515485,687.8889126325992,766.6994867600656
378,SPINE_DIAGONAL,3,2.6633686064020505,-713.5649841270351,1.0518441545797348,-1.7732756772364837,-5.008186127892714,0.8999809657009142,558.9007092036202,139.98340619415984
379,SPINE_LONGERON,1,2.5,-1004.769178867442,10.601658674596056,-43.81817890291515,-11.036775379867322,0.7703024261147425,652.990284007069,971.1909360301026
380,SPINE_DIAGONAL,3,2.6633686064020505,498.9537259659264,1.049484036878921,-3.3994326120376286,-2.8692565999208455,0.662876785941564,758.8137202384125,200.1934284098427
381,SPINE_LONGERON,1,2.5,1588.6952292670685,10.877330555850524,-62.69023721764057,-16.9792795538051,1.1534890391348827,436.06829621653816,614.2290235041849
382,SPINE_DIAGONAL,3,2.6633686064020505,-1518.1731564144138,-1.0844444759099794,-4.924567966117223,-0.1822021924949695,1.6268172249430435,309.1926937382966,65.79437700959974
383,SPINE_LONGERON,1,2.5,4988.397821283579,11.167939618842142,-77.74247855907308,-14.846385670804011,2.454774933227896,204.9067689226329,195.6184639394652
384,SPINE_DIAGONAL,3,2.6633686064020505,-1747.0352145232027,-1.136242175539071,-7.4374087784754295,0.6460829713528256,1.9525820982302249,257.6076060801272,57.17529686214425
385,SPINE_FRAME,2,0.9184401633029775,-215.61148537974805,1.2729335670853743,6.942814566391462,28.55492255973195,0.7090361112141712,709.4137971882,11640.96233378619
386,SPINE_FRAME,2,0.9184401633029775,271.17279743682593,-1.4456595472100275,5.537589599789499,46.02115644247442,1.0799880245958522,465.7459050883737,9255.814756353157
387,SPINE_FRAME,2,0.9184401633029775,212.3280981713906,-0.6805293435537436,4.924216069543036,39.64800661289394,0.9188393015138421,547.4297836099063,11820.975187237513
388,SPINE_FRAME,2,0.9184401633029775,73.54861586960033,0.5742586710363184,-5.343552812963026,-10.91829975536848,0.28466558351304283,1766.9856460781234,34126.06954408724
389,SPINE_FRAME,2,0.9184401633029775,63.8711694679223,-1.5836610534367992,-6.4320278590821545,25.53498067971509,0.5641110372916295,891.6684247395132,39296.684262183204
390,SPINE_FRAME,2,0.9184401633029775,-119.43173450510949,1.7563931988356671,-7.837122576664115,43.05470934577761,0.9442283404720536,532.7101278791656,21015.563329442895
391,SPINE_FRAME,2,0.9184401633029775,-60.58771182782948,0.9912640151773218,-8.45061572420309,36.68141511611634,0.7886174674136383,637.8250809605402,41426.30748574443
392,SPINE_FRAME,2,0.9184401633029775,78.19245817605406,-0.263523942242216,8.03113974189182,-7.951853314707932,0.26997495639382296,1863.1357764394054,32099.325671359788
393,SPINE_LONGERON,1,1.0,6411.4978969004005,-2.0367126326241873,92.82590527542673,15.46641806192929,3.0822687868576253,163.19147835020863,951.2429222957245
394,SPINE_DIAGONAL,3,1.357767407757308,762.0719496138627,-0.16787111825173184,9.406154723970303,5.228902656597711,1.1888435131315558,423.10026041614,504.34289200689005
395,SPINE_LONGERON,1,1.0,4952.168167695985,-2.070584945079458,67.8081333834091,31.51414030860178,2.4001102212288488,209.573708553462,1231.5599529767103
396,SPINE_DIAGONAL,3,1.357767407757308,1127.2604890880175,-0.3370428920778181,4.417803930768514,7.807718498844224,1.4463125554165075,347.780981445706,340.9554177637592
397,SPINE_LONGERON,1,1.0,2350.5970683547785,-1.5975704228683032,51.36439119015226,34.390886241482804,1.3836034745212622,363.54346405066815,2594.613971848924
398,SPINE_DIAGONAL,3,1.357767407757308,-926.2085810431745,0.3808182222149483,0.5026475542406388,5.585448333471504,1.1091770741632268,453.4893586576046,414.96654085487097
399,SPINE_LONGERON,1,1.0,130.73797555471538,-0.8947562517930412,28.48318664851548,37.39150642754976,0.481403414932194,1044.8617197093376,46649.73562473415
400,SPINE_DIAGONAL,3,1.357767407757308,276.68303097377066,-0.2735549715490322,1.0783138644796963,1.8002438802122924,0.35049340460555095,1435.1197294741728,1389.1186952553667
401,SPINE_LONGERON,1,1.0,-407.03344212839147,-0.3738535311833626,-2.4119662184357455,14.114241865056101,0.27314852059693046,1841.4890144773954,14983.761441932433
402,SPINE_DIAGONAL,3,1.357767407757308,-440.8262133458629,-0.07808555571746467,1.3546186141352337,1.06703133962219,0.48541355017601373,1036.229828808053,871.8754904986449
403,SPINE_LONGERON,1,1.0,1052.2918395679444,-0.3399778492523189,1.4209115143325692,-36.785347497148905,0.7042196670666474,714.2657660999348,5795.818010186741
404,SPINE_DIAGONAL,3,1.357767407757308,-806.0172463729978,0.09108463339396522,1.4693468836824195,-0.7628622685915616,0.8202370852907823,613.2373298162707,476.84534383737275
405,SPINE_LONGERON,1,1.0,3653.86816803494,-0.8129832089621689,52.71655704600119,-60.84698421560461,2.006030934114912,250.7438900596667,1669.1603843551993
406,SPINE_DIAGONAL,3,1.357767407757308,-604.9625528012402,0.13486105738598297,3.762559374973762,-3.8520821632391744,0.8018051186402914,627.3344835375859,635.3212594827515
407,SPINE_LONGERON,1,1.0,5873.72117181553,-1.5157899987608219,96.78265850391864,-28.995711390773067,2.961292336257777,169.8582722959556,1038.3352933069684
408,SPINE_DIAGONAL,3,1.357767407757308,44.56014037010027,0.027598467237645252,8.816784657743256,-2.9182623197502835,0.45862475876571623,1096.7571863187447,8625.32226768925
409,SPINE_FRAME,2,0.9184401633029775,-209.17329987278208,-0.14658072706026815,-3.870343404552841,10.112841871065484,0.33295568774423456,1510.7115406491803,11999.261767940076
410,SPINE_FRAME,2,0.9184401633029775,-65.51355270668864,0.24685840414792892,-4.653035518076649,27.190966370761544,0.5895051875284799,853.257970653056,38311.54129702825
411,SPINE_FRAME,2,0.9184401633029775,56.01520573813468,0.43324193862878246,-4.741091431002133,29.06406878065161,0.6216183200556674,809.1782107627638,44807.9257580697
412,SPINE_FRAME,2,0.9184401633029775,-84.22474401677027,-0.30339510520366275,4.273368259804556,-15.16025458342142,0.3625396350115205,1387.4345076339478,29800.33016826479
413,SPINE_FRAME,2,0.9184401633029775,2.588394541759044,-0.06662737498925253,3.0644325514222146,7.64430205094618,0.1665973618106755,3019.255494403441,969684.1573200126
414,SPINE_FRAME,2,0.9184401633029775,-141.0706836078316,-0.46006738634632427,2.281862677009485,24.722479293629277,0.5760492060418814,873.1892948107451,17791.968648956055
415,SPINE_FRAME,2,0.9184401633029775,262.60010380111635,0.6464549638291999,1.840583704481105,26.90390679355528,0.6862629598772603,732.955192700423,9557.97482067358
416,SPINE_FRAME,2,0.9184401633029775,290.8089072541334,0.516604873128756,-2.661528218370222,-13.521214867839262,0.43744055954346145,1149.870511607246,8630.840106434409
417,SPINE_LONGERON,1,1.5,5766.617339318211,5.568287579794469,-82.31219469929297,-21.592038528848207,2.776810492924741,181.1430781040457,470.05350021959345
418,SPINE_DIAGONAL,3,1.7588440333264348,-742.6739092370262,-0.9968928006908833,-7.650886547779578,2.9977987005459,1.0572269149927769,475.7729801113099,308.4038657937976
419,SPINE_LONGERON,1,1.5,5581.189408991719,5.4067028169622855,-76.58272630301576,-67.56518906287965,2.8709800912354537,175.20149357202496,485.67043082367206
420,SPINE_DIAGONAL,3,1.7588440333264348,-117.25970774068264,1.0237605896792665,-8.094313226813597,-3.9701577028999964,0.5152283763488164,976.2661046826008,1953.301002074947
421,SPINE_LONGERON,1,1.5,3877.96601339223,5.0108854981112,-29.10127549809518,-90.30150192859583,2.2169530206936305,226.88798332885898,698.9794792972991
422,SPINE_DIAGONAL,3,1.7588440333264348,-818.0068610410672,0.6268236107718135,-4.964455039250765,-6.844742857648271,1.137194180710347,442.3167199869082,280.00193585343527
423,SPINE_LONGERON,1,1.5,1654.6665389605187,4.6126870304062715,14.829865448905434,-61.88190226707957,1.1612838687052167,433.14129607330557,1638.166120453712
424,SPINE_DIAGONAL,3,1.7588440333264348,-949.0810621248093,0.038602509195079904,-1.6698867669962283,-6.362731063607498,1.1738463422623928,428.5058289916817,241.33186697467826
425,SPINE_LONGERON,1,1.5,-213.67465770142735,-4.445373961277804,16.29976169732585,28.525064330053283,0.3802508931216009,1322.8108312138668,12685.728358863855
426,SPINE_DIAGONAL,3,1.7588440333264348,-433.6987459899392,-0.3963304252477826,0.9755161497706695,-3.9045646206113815,0.582389560153506,863.6830644206938,528.1165941812617
427,SPINE_LONGERON,1,1.5,-399.10089035489364,-4.606953166243418,-18.638269505939217,40.08336376286752,0.5490612275613481,916.1091236292011,6791.813123651898
428,SPINE_DIAGONAL,3,1.7588440333264348,-426.2341271326295,0.4231983990157211,1.5059284810099598,4.262850804941081,0.5978167782932207,841.3949194200862,537.3654760441561
429,SPINE_LONGERON,1,1.5,-2102.32672337821,-5.002780787124244,-35.5378443073632,33.966937247794704,1.1812367637968126,425.8248772948979,1289.3422485815406
430,SPINE_DIAGONAL,3,1.7588440333264348,-1126.9821093322244,0.026261124786215007,-2.0858311724462055,6.239674866710629,1.3384998714058567,375.79383513252617,203.23614965689828
431,SPINE_LONGERON,1,1.5,-4325.62337674154,-5.4009774826944135,-53.578187316423644,33.670456613312126,2.0779771281051347,242.06233706656604,626.6423191968721
432,SPINE_DIAGONAL,3,1.7588440333264348,-1258.0551951956004,-0.5619600900937787,-5.2403280321749435,5.837098437590612,1.5168033838653872,331.6184584966881,182.0615705158147
433,SPINE_FRAME,2,0.9184401633029775,-131.39857895346358,1.2600593081069746,8.339172510124627,28.24709984979745,0.6637470817550764,757.8187743891397,19101.615862423136
434,SPINE_FRAME,2,0.9184401633029775,104.48546960018575,-2.2661721903497067,8.455923291061481,52.630847297623404,1.127539344568223,446.1041669393963,24021.762926860374
435,SPINE_FRAME,2,0.9184401633029775,34.61722492054105,-1.940392612726484,8.894457834743662,49.693525210809,1.0321202132465688,487.34633189461204,72505.09495774192
436,SPINE_FRAME,2,0.9184401633029775,-37.277506705373526,-0.4735514936068057,-9.557295460283058,-18.39895368536827,0.4365025397788826,1152.3415196044514,67330.82230726378
437,SPINE_FRAME,2,0.9184401633029775,69.08456401340663,-1.2750855187384218,-10.215866927799652,30.526968345467367,0.6841704207861745,735.1969402915826,36331.20098362725
438,SPINE_FRAME,2,0.9184401633029775,42.17100602667779,-2.2812023016639102,-10.386837904046843,53.76572013442883,1.1222151110670369,448.2206620099172,59517.79235357904
439,SPINE_FRAME,2,0.9184401633029775,27.696784049272537,1.9554200582378911,-9.660595236484369,47.12412112895163,0.9806161831652446,512.9427890700423,90621.53842742846
440,SPINE_FRAME,2,0.9184401633029775,99.59189798403531,0.48858210568494087,8.997693779449037,-15.829559587066342,0.42036797903007467,1196.5706835249064,25202.10208705614
441,SPINE_LONGERON,1,2.5,4757.607808351691,-11.292313592593427,73.01596157329091,-26.29963234409297,2.3610841699861638,213.037724954527,205.10785222890192
442,SPINE_DIAGONAL,3,2.6633686064020505,877.6265545894857,-1.6023276627909233,5.425656840278293,-0.9323528455297492,1.0613362506269515,473.93085810728536,113.81521730014965
443,SPINE_LONGERON,1,2.5,3262.6288801373157,-11.384459877226021,35.856599500933896,-9.457183174730744,1.4710119329522742,341.9414817325751,299.0909340805561
444,SPINE_DIAGONAL,3,2.6633686064020505,1672.7310063789482,-1.4446535834311174,1.8757299834191912,-0.8575242001629704,1.6414657594463395,306.4334404207494,59.71507471199171
445,SPINE_LONGERON,1,2.5,1595.932158476273,-11.294849277330695,13.078511250720492,-17.18699634416771,0.7557317250679978,665.5801037792108,611.4437347074589
446,SPINE_DIAGONAL,3,2.6633686064020505,1584.399874487135,-1.2619600257851449,-0.08364577964719899,-2.4837675391299854,1.5785305793492752,318.65077976972356,63.04422174441105
447,SPINE_LONGERON,1,2.5,-733.8416067405342,11.075963239321183,-17.31113241456646,-27.803531812805886,0.563893743989247,892.012024183038,1329.7456976482013
448,SPINE_DIAGONAL,3,2.6633686064020505,664.3768134189304,-1.1612662143576689,-1.14618404199733,-4.181763057358239,0.8108926260437264,620.3040746024448,150.3472953924401
449,SPINE_LONGERON,1,2.5,-1181.3624211262068,10.856029195358769,-24.942992627632517,-52.68775233510314,0.95207922572396,528.3173778080488,826.0146944476237
450,SPINE_DIAGONAL,3,2.6633686064020505,-548.402280751121,-1.2015565858462587,-1.1285852745376985,-6.9833835556819395,0.8266950626252562,608.4468418169466,182.1423078003488
451,SPINE_LONGERON,1,2.5,2676.3395429392403,-10.763879912307882,-20.86268454095003,-94.83626923031261,1.8253798419460587,275.55908553462814,364.6109559950638
452,SPINE_DIAGONAL,3,2.6633686064020505,-1343.5058739690576,-1.3592304227104832,1.51098308330819,-9.770438206586277,1.6883303697139564,297.9274726220913,74.3482101227378
453,SPINE_LONGERON,1,2.5,4343.038300406035,-10.853493442185266,33.34405577722133,-117.6657241414432,2.6328066804808636,191.05086739909464,224.68664833723386
454,SPINE_DIAGONAL,3,2.6633686064020505,-1255.175339636451,-1.5419243114590353,5.668049182077112,-9.302201869120836,1.6520893985930263,304.46294276107056,79.58032146163364
455,SPINE_LONGERON,1,2.5,5205.12641190787,-11.072377573876139,81.1804606198552,-80.07167900870627,2.852930528335244,176.30993639845585,187.4733948989327
456,SPINE_DIAGONAL,3,2.6633686064020505,-335.15170792868594,-1.6426181654767031,7.741481976789103,-4.944957276139576,0.7257883243936389,693.0395310784754,298.03594806754836
457,SPINE_FRAME,2,0.9184401633029775,-168.56133580068126,0.9382080111648179,-7.918208404662437,22.035417339310698,0.5631179918991001,893.2408611268951,14890.278177465621
458,SPINE_FRAME,2,0.9184401633029775,-135.13409841340035,2.9381283182765827,-6.8216831939244,59.75087950126954,1.2818704307534756,392.39535286287844,18573.588824036186
459,SPINE_FRAME,2,0.9184401633029775,-127.94779764022678,3.3986784904408722,-6.5655388607156056,64.45408153828362,1.3713711951569962,366.7861785170542,19616.79080319096
460,SPINE_FRAME,2,0.9184401633029775,-151.21132551087067,2.050102226543345,7.300113593839342,-33.39003902403124,0.7699625489470533,653.2785272320939,16598.790940807532
461,SPINE_FRAME,2,0.9184401633029775,191.29794692015275,0.3176392328595625,8.986006562045077,19.79817320015877,0.5419486201728251,928.1322643456413,13120.502443682653
462,SPINE_FRAME,2,0.9184401633029775,224.7248411970213,2.3175423272376605,9.754039324201585,61.100799712431126,1.365846295175945,368.26984249732493,11168.881760769968
463,SPINE_FRAME,2,0.9184401633029775,231.91148047428578,2.7781087593380676,9.6447414962131,72.10223454494667,1.5879545094423224,316.7597037629559,10822.772442762436
464,SPINE_FRAME,2,0.9184401633029775,208.64758413890377,1.4295160050562572,-8.722396611134172,-46.357895099288726,1.0617822715909326,473.73177482641955,12029.495526611976
465,SPINE_LONGERON,1,2.0,-3689.778136572684,-6.2976641124368005,-37.90404491732832,-117.2350966442682,2.4153080017101116,208.2550132918289,413.22891038412763
466,SPINE_DIAGONAL,3,2.2008026566614283,-712.0553071835311,0.3349184034711463,-13.966357904532174,-8.088571562133438,1.3842929300984457,363.3623990004981,205.44553586904703
467,SPINE_LONGERON,1,2.0,-4318.587240016495,-3.041306381481899,31.062289437050975,-122.70847429153218,2.662777732929389,188.90048304806763,353.0605992642361
468,SPINE_DIAGONAL,3,2.2008026566614283,353.7161612241762,0.6117748085403623,-5.406220231512236,-14.832672335904135,1.0370921242896805,485.00995062951813,413.5761952363989
469,SPINE_LONGERON,1,2.0,-4180.353914076048,-2.0176691188728526,103.68417117511443,-71.1431491132098,2.60735274130598,192.91597643518523,364.7353861119448
470,SPINE_DIAGONAL,3,2.2008026566614283,1139.895297369687,0.8533874865172297,4.563433658611132,-14.449279352728354,1.7360909500283344,289.7313645876621,128.3351062946579
471,SPINE_LONGERON,1,2.0,-3356.0450874519884,-3.8263808919745745,111.90490457861004,36.65596677696885,2.2493863929250795,223.61653897350374,454.3213691126907
472,SPINE_DIAGONAL,3,2.2008026566614283,1185.9455674791243,0.9182172331751453,12.044584301227076,-7.638191293503496,1.7387326069050086,289.2911756542909,123.3518537142258
473,SPINE_LONGERON,1,2.0,-2328.5380578323384,-7.407929318621573,21.50680067468211,112.02527740970982,1.8619607997016527,270.1453221145134,654.7984018584126
474,SPINE_DIAGONAL,3,2.2008026566614283,464.8949457840645,0.7682930987670673,12.811007828769334,4.4608620434974,1.0402731983240256,483.52682815473725,314.6701969538467
475,SPINE_LONGERON,1,2.0,-1699.7241325352225,-10.664281521361037,-89.03973658521122,81.41317309330043,1.707599420664713,294.56557194438403,897.0414491091019
476,SPINE_DIAGONAL,3,2.2008026566614283,-600.8786843153648,0.4914332769553198,2.686612548148105,13.610588765808643,1.1796587944224133,426.39448150452677,243.4577693821827
477,SPINE_LONGERON,1,2.0,-1837.9624682869035,-11.68792223355278,-125.57620524758991,-11.73230151730968,1.8063256233866782,278.46584994843056,829.5724342816667
478,SPINE_DIAGONAL,3,2.2008026566614283,-1387.0557032997021,0.24982431634291657,-9.767461457465402,11.418481846192208,1.9588085095012369,256.788755797307,105.46698579207006
479,SPINE_LONGERON,1,2.0,-2662.266293998342,-9.87920591212439,-92.2167405695466,-83.4460545779948,2.0730677714518824,242.6355794667155,572.7161863455785
480,SPINE_DIAGONAL,3,2.2008026566614283,-1433.107918911497,0.18499095469961713,-15.786530214203651,2.358913477063652,2.0434608233579636,246.15103663863434,102.07785626070051
481,SPINE_FRAME,2,0.9184401633029775,3622.1321907620877,0.27810718335911133,17.13570604911365,52.73346616505887,3.1171179394699333,161.36700945153692,692.9413527310434
482,SPINE_FRAME,2,0.9184401633029775,3281.254737712443,-1.0702960591233648,27.555717990679113,78.62858982444823,3.4873648992851947,144.2349781358125,764.928474217505
483,SPINE_FRAME,2,0.9184401633029775,2990.4923898130655,-0.9101273938657641,23.86703451278663,76.22122783920071,3.2572713724229985,154.42373154983142,839.3016443001994
484,SPINE_FRAME,2,0.9184401633029775,2920.1687406194396,0.6650332486993875,-8.230670739969355,-46.92175877073191,2.5719302636906423,195.57295432972208,859.5137483407626
485,SPINE_FRAME,2,0.9184401633029775,-3111.479401793331,-2.732245589872491,3.255027094943216,30.159678681408195,2.3312868481485127,215.76066471591778,806.6661725578898
486,SPINE_FRAME,2,0.9184401633029775,-3452.3564445339143,-4.080791332477105,18.493137062323513,51.86495018203851,3.0162530143313027,166.76319844856056,727.0179717425416
487,SPINE_FRAME,2,0.9184401633029775,-3743.1191750159487,-3.920480349958339,20.86520390892474,43.958732552428046,3.048713498672242,164.98762517995334,670.543753132478
488,SPINE_FRAME,2,0.9184401633029775,-3813.4424178977497,-2.345462362397825,-8.98148193275847,-11.072213145826026,2.397313942215106,209.81815987572764,658.1783346871655
489,RING1_SPOKE,5,10.8,3.935168979805894,0.002933680822612042,0.334015915751082,0.02314829161355192,0.008893110208892437,56560.63943714967,4612.6617930942675
490,RING1_HUB_LINK,6,0.31326254099077994,-0.5187770426273346,0.00986405948947322,0.9520064528624061,-0.017080611349229002,0.014023029603994576,35869.56700545768,67243103.07719712
491,RING1_SPOKE,5,10.800000553501143,3.7495069329743274,-0.016812581328659704,0.21131373030353018,0.00773576694957967,0.0063229953833989876,79550.90419971294,4841.063656222771
492,RING1_HUB_LINK,6,0.31326254099077994,-0.4770697122439742,-0.023918943611647592,1.3292515889334027,-0.000432504151831381,0.019461683783851994,25845.656808860283,73121762.40950194
493,RING1_SPOKE,5,10.800000553501143,3.81666251430579,0.00167636904109969,0.14299247196790077,0.023904640207938144,0.0050203309721504556,100192.59741844077,4755.8833598571155
494,RING1_SPOKE,5,10.8,3.8638507095411114,-0.02121867099505792,0.04988605669802837,-0.017274331055627812,0.0032188361790247526,156267.66073954085,4697.801485367472
495,RING1_HUB_LINK,6,0.31326254099077994,-0.4613777557387948,-0.03353968286228337,1.3679102249152493,-0.022261975285800872,0.02001840270621878,25126.879870577362,75608712.63854934
496,RING1_SPOKE,5,10.800000553501143,3.75901062018238,-0.017955697841873786,0.1992199642709238,0.0361929946966697,0.006149448621874938,81795.95130053101,4828.824277462841
497,RING1_HUB_LINK,6,0.31326254099077994,-0.5434764712117612,-0.02973202692498944,0.9242027709551621,-0.04115322241341346,0.013647931490537864,36855.401886266125,64187099.164925955
498,RING1_SPOKE,5,10.800000553501143,3.86287347637699,-0.03390122911689808,0.27391870068349533,-0.034451742508650796,0.007697497349260831,65345.91402597906,4698.989457713695
499,RING1_SPOKE,5,10.8,3.6488097810943145,-0.02509637858829418,0.3220308162126468,0.024865551806485087,0.008508416009507486,59117.936809617335,4974.664258073915
500,RING1_HUB_LINK,6,0.31326254099077994,-0.4928756030276418,-0.043397085462061114,-1.3733187231700867,0.008690450340509415,0.020112235526079016,25009.65143073095,70776840.92534997
501,RING1_SPOKE,5,10.800000553501143,3.9341786318982486,-0.002939565492466656,0.1505804105431423,0.0441585532437756,0.005325093522757737,94458.43492707495,4613.822462153719
502,RING1_HUB_LINK,6,0.31326254099077994,-0.4990681316703558,0.0008428982974919563,-0.8920277975848876,0.026132246004635817,0.013148618376270661,38254.9698839663,69898628.94013642
503,RING1_SPOKE,5,10.800000553501143,3.5932689412293257,-0.023678189718417286,0.22273937449028836,-0.002267107216368913,0.006469368640103788,77751.01837324428,5051.556685252543
504,RING1_SPOKE,5,10.8,-3.720286480652703,0.0009377357699982269,0.10187124551308102,0.0031709396496921727,0.004103463829266648,122579.36731707313,4879.087590946974
505,RING1_HUB_LINK,6,0.31326254099077994,-0.5501971868798137,-2.697705792797933e-05,-0.9577328272280283,0.0034966818420798518,0.014118038124275832,35628.179749358824,63403047.09535624
506,RING1_SPOKE,5,10.800000553501143,3.924512184195919,-0.0017783442794261362,0.25958718585198426,-0.00026133225348701217,0.007378448836787823,68171.51018139729,4625.18674679471
507,RING1_HUB_LINK,6,0.31326254099077994,-0.4326948942616582,0.006736163694654351,-1.2967462643573526,-0.01461992898475728,0.01896947362254372,26516.28664077554,80620729.78928721
508,RING1_SPOKE,5,10.800000553501143,3.547000547667267,0.011916322441031468,0.19386097581417516,-0.008363095816804389,0.005858576739848409,85857.0301859723,5117.45106831601
509,RING1_CIRCUMFERENCE,4,6.211657042450509,-7.320265571077471,0.010914873705416994,-0.1338187507853945,0.08935515499115354,0.002936764259658412,171276.94139757278,43142.833851108975
510,RING1_CIRCUMFERENCE,4,6.211657301079158,-7.349977951438632,0.03090029290561347,0.11622896771746127,0.0692307540271031,0.002799887311865669,179650.08729756068,42968.42481254674
511,RING1_CIRCUMFERENCE,4,6.211657042450509,-7.360483180498704,0.07001186500524881,0.039512209406211696,0.055894149241623836,0.002435898389993794,206494.65596193506,42907.101821213684
512,RING1_CIRCUMFERENCE,4,6.211657042450509,7.357982751331292,-0.06750986811075421,-0.14176918332691457,0.04306006185657907,0.0028925477892847986,173895.13904085578,42921.68274271197
513,RING1_CIRCUMFERENCE,4,6.211657301079158,7.336416544450913,-0.04088388337692095,0.015617334411217598,0.07875305469246996,0.0024810089510576613,202740.0988559794,43047.85218597538
514,RING1_CIRCUMFERENCE,4,6.211657042450509,7.312006344029214,-0.015426972883176404,0.25306015201067567,-0.08452690945887298,0.0035497931883128084,141698.39574205515,43191.56554573783
515,RING1_CIRCUMFERENCE,4,6.211657042450509,7.268123437126633,0.014635405712795091,-0.28186624312183994,-0.06466031070067402,0.003667672235219918,137144.2069358849,43452.34420012041
516,RING1_CIRCUMFERENCE,4,6.211657301079158,7.261925317812711,0.021830917081530288,0.3797975006384604,-0.03208063716124343,0.00420071901490423,119741.40574871744,43489.427549688866
517,RING1_CIRCUMFERENCE,4,6.211657042450509,-7.248970176326111,-0.07316188836386317,-0.27514746973315596,0.08204734834163219,0.003668188730330607,137124.8965029849,43567.15417458781
518,RING1_CIRCUMFERENCE,4,6.211657042450509,7.230391557444818,0.07125874986311942,-0.4155357261336121,0.053786243862759875,0.004425013293566998,113671.97489129627,43679.10074715189
519,RING1_CIRCUMFERENCE,4,6.211657301079158,7.275462249643169,0.03180385248165862,0.34837004804080607,0.07392899464048241,0.004060829122325681,123866.329965622,43408.50988481958
520,RING1_CIRCUMFERENCE,4,6.211657042450509,-7.297377372771734,-0.01859314932136158,0.48434984942196024,0.07276184195598034,0.00484074803387241,103909.56035726974,43278.1511968091
521,RING2_SPOKE,5,10.8,3.913319638930261,0.0011327245403021657,-0.26414700540135705,0.025972724244638812,0.0074892013071128465,67163.37021442824,4638.415789486158
522,RING2_HUB_LINK,6,0.31326254099077994,-0.4443437159061432,-0.0005442674068945053,1.2679549789172597,-0.013056538577075116,0.0185579477249458,27104.29016479348,78507193.64925547
523,RING2_SPOKE,5,10.800000553501143,3.58858724750462,-0.011308920512709264,-0.15241013780307355,-0.0020378047552185308,0.005047154319284702,99660.1189858777,5058.146978201332
524,RING2_HUB_LINK,6,0.31326254099077994,-0.5423315549269319,-0.00274957890803762,0.9939315871451981,0.005287104588205693,0.014638280240007379,34361.95999481333,64322604.56645064
525,RING2_SPOKE,5,10.800000553501143,3.9100312843511347,0.0038969181280563703,-0.21913734750856406,0.0022602680074612636,0.006559754652918276,76679.69712498736,4642.3162429989525
526,RING2_SPOKE,5,10.8,-3.744755552210222,0.0008887177527689971,0.09420841232599741,-0.0003340184176545691,0.003962356833436615,126944.64964775523,4847.206539771866
527,RING2_HUB_LINK,6,0.31326254099077994,-0.495571899227798,-0.004109556853109098,0.9458628471475095,0.021303020639606984,0.013923992430450638,36124.69645559272,70391759.91582654
528,RING2_SPOKE,5,10.800000553501143,3.6166425185947446,0.019571737358425878,-0.17643376309348469,0.0015683612306389705,0.005550923059048926,90615.5597274991,5018.90956837785
529,RING2_HUB_LINK,6,0.31326254099077994,-0.49776067305356264,0.03713190385883536,1.3236166868009605,0.004499824644881301,0.019393287888876523,25936.80880117845,70082230.35675532
530,RING2_SPOKE,5,10.800000553501143,3.922594860981917,-0.00020273941302129117,-0.10473991706369645,0.03742561969309577,0.004402032279443028,114265.40471975882,4627.447489551229
531,RING2_SPOKE,5,10.8,3.681252806884004,0.02152569765548975,-0.25271845496233275,0.027303949389988702,0.0071452503723342395,70396.4135319275,4930.82234628836
532,RING2_HUB_LINK,6,0.31326254099077994,-0.5332029182463884,0.024588809387751098,-0.9561104697640985,-0.040151731362129794,0.014102017035774461,35668.65638610229,65423832.011650145
533,RING2_SPOKE,5,10.800000553501143,3.831699940696126,0.033679269979968396,-0.23258493589521834,-0.029234923405013546,0.006847222850719387,73460.4395046312,4737.218994940305
534,RING2_HUB_LINK,6,0.31326254099077994,-0.4706650981679559,0.036551638079117765,-1.3349348463816568,-0.021097236902278382,0.019546371252864948,25733.676777794462,74116772.81204522
535,RING2_SPOKE,5,10.800000553501143,3.7842412310128566,0.016399163464143385,-0.15865560469319462,0.03902601900736613,0.005379005854941313,93511.70338249946,4796.629134850114
536,RING2_SPOKE,5,10.8,3.8498984434155545,0.023546456959529394,0.050340242816275804,0.011981267903989234,0.0031952515076574136,157421.09777416944,4714.826603690004
537,RING2_HUB_LINK,6,0.31326254099077994,-0.4819248551502824,0.02816233188593742,-1.2785280391108245,-0.0057935740223911125,0.018731204027925583,26853.58609356334,72385098.586781
538,RING2_SPOKE,5,10.800000553501143,3.8036291847238317,0.002798587094382299,-0.09658723976841088,0.02877378068117764,0.004127022635993274,121879.63196837183,4772.179636984054
539,RING2_HUB_LINK,6,0.31326254099077994,-0.5152743337675929,-0.003337551217668988,-1.0049212219309993,-0.0218835589257651,0.01478780450111198,34014.51513388458,67700205.24097626
540,RING2_SPOKE,5,10.800000553501143,3.7716359263285995,0.020499200068902823,-0.16553541991571308,0.0006675918178444817,0.005419342975250823,92815.67937240946,4812.660102017463
541,RING2_CIRCUMFERENCE,4,6.211657042450509,7.311179058509879,-0.015583515206571974,-0.41338440194340365,-0.07393606000141517,0.004438732118726103,113320.64800169984,43196.45282266642
542,RING2_CIRCUMFERENCE,4,6.211657301079158,-7.293540350277908,0.030048165175514896,0.30371688716513745,0.07445517737960472,0.0038134784730173544,131900.57412386787,43300.915579117005
543,RING2_CIRCUMFERENCE,4,6.211657042450509,-7.254678682191297,0.07104011044562952,-0.3540834439020273,0.057894137133075674,0.004083086049158101,123191.13384928895,43532.87238678849
544,RING2_CIRCUMFERENCE,4,6.211657042450509,7.270314790541306,-0.07336229624786483,-0.2613208752804894,0.07533006159303568,0.00358652612085546,140247.13136064494,43439.2471822358
545,RING2_CIRCUMFERENCE,4,6.211657301079158,-7.280019425670616,0.024571502006978108,0.3409578561895614,-0.028826625963120023,0.003979810426030667,126387.92961344037,43381.33685009706
546,RING2_CIRCUMFERENCE,4,6.211657042450509,-7.2813163337123115,0.017226293868276343,0.2606496403213896,0.06536580147667337,0.0035527424756849986,141580.76568806675,43373.6136166429
547,RING2_CIRCUMFERENCE,4,6.211657042450509,-7.318571229814552,-0.012334925842765188,-0.1910919837750953,0.0856471512920507,0.003218026797815278,156306.9643613556,43152.82195962057
548,RING2_CIRCUMFERENCE,4,6.211657301079158,-7.3387009660946205,-0.03932483870138981,-0.029242209381663997,0.07876863992078142,0.0025026146611127472,200989.7919228001,43034.452069837236
549,RING2_CIRCUMFERENCE,4,6.211657042450509,-7.3540415479801595,-0.06724356574489576,-0.0797811307070333,0.0461026517633627,0.002568511775782476,195833.24660708054,42944.68547920158
550,RING2_CIRCUMFERENCE,4,6.211657042450509,7.359452243661508,0.07011246387990155,0.05381563564787939,0.04947001774985438,0.0024624081338789883,204271.57995438916,42913.112392432886
551,RING2_CIRCUMFERENCE,4,6.211657301079158,7.352215719874948,0.033849347699089094,0.07116803954613715,0.06859114545886769,0.0025901469788107605,194197.47377847543,42955.34666189566
552,RING2_CIRCUMFERENCE,4,6.211657042450509,7.327365602744976,0.013428106173108745,0.11265204955225272,-0.08857019947708977,0.0028367412111169506,177316.1393886708,43101.0295379116
553,PROP_BOOM,6,2.0,1.2327632613305468,-0.8464721058075964,1.0286588099100444,-2.122259007011621,0.03629261478743767,13859.569032047491,694233.7995671277
554,PROP_BOOM,6,2.49988406402537,-0.940317720756866,0.07586722425059556,-1.0286588099210974,2.283581065571809,0.03669715051272693,13706.786302809935,582547.1361901817
555,PROP_BOOM,6,2.0643859294698266,0.8869969664519886,-1.1273550581563896,-1.2217964142444089,5.712569332921106,0.08611593505561357,5840.9631118231855,905610.6333937295
556,PROP_BOOM,6,2.2425262497819287,-0.3656540198426228,-1.3106326050062904,-1.221796414242874,5.673325302260849,0.08573601392623958,5866.846112448627,1861658.448020679
557,PROP_BOOM,6,2.0643859294698266,-9.989902979250473,-0.20450980405099983,2.982663379053747,3.2722356488513356,0.06882675295768198,7308.2047079755275,80408.57716790061
558,PROP_BOOM,6,2.7999997108858783,10.06570152025779,0.8334850449889188,2.390582507478314,-5.552482736857627,0.09281152475323827,5419.585566957836,43379.586441497755
559,PROP_BOOM,6,2.0,-13.046640951986774,-0.8474337028627441,6.159391264352445,0.6475417579609939,0.09635757659847,5220.139585868194,65597.41515305074
560,PROP_BOOM,6,2.49988406402537,13.445116202477948,0.07716238153407673,3.6963997348901785,-0.4409523683484622,0.060214587677072384,8353.457515935543,40741.88627948303
561,PROP_BOOM,6,2.0643859294698266,-11.835039135803527,-1.1282073029991295,-6.750490923078473,2.5633268817824444,0.11097087240614549,4532.7209662645155,67872.51612686488
562,PROP_BOOM,6,2.2425262497819287,-12.322108963009669,1.3095475502691087,-0.9365882838170023,5.672989078342475,0.09051080369801526,5557.347625353479,55244.02495840887
563,PROP_BOOM,6,2.0643859294698266,-7.517069955982151,0.20418672388660752,-2.2762989535622182,3.2704133179054793,0.06125603623393683,8211.435654749888,106859.9719452723
564,PROP_BOOM,6,2.7999997108858783,7.526923546311082,-0.8328812767110065,-1.9044268261540651,-5.549450921924063,0.08906115990262375,5647.804279103955,58011.21354638134
565,DOCK_LINK,7,0.5656854249492369,4411.673775743693,-2.467638494501781,4.632583357451836,123.9562840697472,3.8754492340985403,129.7914047162075,2424.890093828399
566,DOCK_LINK,7,0.5656857124746911,4319.9523345362395,-10.5461475440095,-103.6085698629031,75.63431897480041,3.8956009278061323,129.12000210536766,2476.3729626250656
567,DOCK_LINK,7,0.5656854249492369,4086.6435243401065,-13.481792342961853,-130.0244572683755,-58.07457366626477,3.9913225223590705,126.02339129003836,2617.753168899372
568,DOCK_LINK,7,0.5656857124746911,3848.4014854701236,-9.554932908356705,-53.330332839585026,-139.0934062122833,3.972160633614792,126.63133402594902,2779.8069410026023
569,DOCK_LINK,7,0.5656854249492369,3744.800311576575,-1.0658486467609078,-10.52565909748435,-156.18069991341326,4.031035137951496,124.78184456005911,2856.714149198409
570,DOCK_LINK,7,0.5656857124746911,3836.5130250966176,7.012660634548922,45.752233664141386,-161.8487102247891,4.2438382612923915,118.52478087768114,2788.4209153193647
571,DOCK_LINK,7,0.5656854249492369,4069.8305907433532,9.948305097864363,150.11252735600283,-73.23281108075753,4.337847824833032,115.95611932729821,2628.5674053202933
572,DOCK_LINK,7,0.5656857124746911,4308.06385185197,6.021446497821842,120.78376822554856,80.88640374573879,4.135706212641468,121.62372618792348,2483.2067325268986
573,DOCK_RING,7,0.612293261803525,-3350.007809600793,-4.3781203895320004,22.584864892589394,82.01302406471768,2.8112117527777922,178.92640051144483,2725.7162837534424
574,DOCK_RING,7,0.612293261803525,-3436.8789080101997,-12.285593903180512,37.872994099510834,125.2906699411842,3.518087085095278,142.9754260862413,2656.8206450475805
575,DOCK_RING,7,0.612293261803525,-3532.9516193326563,-12.83129978572157,31.7755684042786,137.2817099599415,3.7085207439047956,135.63359483069212,2584.572850464021
576,DOCK_RING,7,0.612293261803525,-3581.9470618255436,-5.695022814341314,-7.869651738554239,-110.96028355936915,3.2995508659053887,152.44499037658508,2549.2199297541742
577,DOCK_RING,7,0.612293261803525,3555.164863003418,-4.942322615280887,10.12465988151962,111.45777718209274,3.2965372809494506,152.58435052647994,2568.4240222874027
578,DOCK_RING,7,0.612293261803525,3468.2937261071056,-12.850123162668297,31.801397655217443,135.75437090502123,3.6566497876042363,137.55760852601514,2632.755919314574
579,DOCK_RING,7,0.612293261803525,3372.221049603075,-13.395503602775591,34.04944943585724,119.44864469821641,3.3916812255325595,148.3040317036337,2707.7616511541737
580,DOCK_RING,7,0.612293261803525,3323.225612946786,-6.259552200373832,-15.546719205740374,-72.09393238075972,2.6354886122921095,190.8564497884649,2747.683094929341
